0;0;0
5;0;0
5;5;0
0;5;0
0;0;5
5;0;5
5;5;5
0;5;5
1;1;1
2;1;1
2;2;1
1;2;1
1;1;2
2;1;2
2;2;2
1;2;2
3;3;3
4;3;3
4;4;3
3;4;3
3;3;4
4;3;4
4;4;4
3;4;4
2.5;1;1
4;1;1
4;2.5;1
2.5;2.5;1
2.5;1;2.5
4;1;2.5
4;2.5;2.5
2.5;2.5;2.5
0.5000000015433251;0;0
1.000000003825515;0;0
1.500000006112041;0;0
2.00000000838122;0;0
2.500000008516689;0;0
3.000000008582769;0;0
3.500000008648849;0;0
4.00000000864554;0;0
4.500000004374813;0;0
5;0.5000000015433251;0
5;1.000000003825515;0
5;1.500000006112041;0
5;2.00000000838122;0
5;2.500000008516689;0
5;3.000000008582769;0
5;3.500000008648849;0
5;4.00000000864554;0
5;4.500000004374813;0
4.499999996461164;5;0
3.999999992922328;5;0
3.499999989383492;5;0
2.999999985879351;5;0
2.499999986642629;5;0
1.999999987544685;5;0
1.499999988446742;5;0
0.9999999894181872;5;0
0.4999999946570517;5;0
0;4.499999996461164;0
0;3.999999992922328;0
0;3.499999989383492;0
0;2.999999985879351;0
0;2.499999986642629;0
0;1.999999987544685;0
0;1.499999988446742;0
0;0.9999999894181872;0
0;0.4999999946570517;0
0;0.5000000015433251;5
0;1.000000003825515;5
0;1.500000006112041;5
0;2.00000000838122;5
0;2.500000008516689;5
0;3.000000008582769;5
0;3.500000008648849;5
0;4.00000000864554;5
0;4.500000004374813;5
0.5000000015433251;5;5
1.000000003825515;5;5
1.500000006112041;5;5
2.00000000838122;5;5
2.500000008516689;5;5
3.000000008582769;5;5
3.500000008648849;5;5
4.00000000864554;5;5
4.500000004374813;5;5
5;4.499999996461164;5
5;3.999999992922328;5
5;3.499999989383492;5
5;2.999999985879351;5
5;2.499999986642629;5
5;1.999999987544685;5
5;1.499999988446742;5
5;0.9999999894181872;5
5;0.4999999946570517;5
4.499999996461164;0;5
3.999999992922328;0;5
3.499999989383492;0;5
2.999999985879351;0;5
2.499999986642629;0;5
1.999999987544685;0;5
1.499999988446742;0;5
0.9999999894181872;0;5
0.4999999946570517;0;5
0;0;0.5000000015433251
0;0;1.000000003825515
0;0;1.500000006112041
0;0;2.00000000838122
0;0;2.500000008516689
0;0;3.000000008582769
0;0;3.500000008648849
0;0;4.00000000864554
0;0;4.500000004374813
5;0;0.5000000015433251
5;0;1.000000003825515
5;0;1.500000006112041
5;0;2.00000000838122
5;0;2.500000008516689
5;0;3.000000008582769
5;0;3.500000008648849
5;0;4.00000000864554
5;0;4.500000004374813
5;5;0.5000000015433251
5;5;1.000000003825515
5;5;1.500000006112041
5;5;2.00000000838122
5;5;2.500000008516689
5;5;3.000000008582769
5;5;3.500000008648849
5;5;4.00000000864554
5;5;4.500000004374813
0;5;0.5000000015433251
0;5;1.000000003825515
0;5;1.500000006112041
0;5;2.00000000838122
0;5;2.500000008516689
0;5;3.000000008582769
0;5;3.500000008648849
0;5;4.00000000864554
0;5;4.500000004374813
1.5;1;1
2;1.5;1
1.5;2;1
1;1.5;1
1;1.5;2
1.5;2;2
2;1.5;2
1.5;1;2
1;1;1.5
2;1;1.5
2;2;1.5
1;2;1.5
3.5;3;3
4;3.5;3
3.5;4;3
3;3.5;3
3;3.5;4
3.5;4;4
4;3.5;4
3.5;3;4
3;3;3.5
4;3;3.5
4;4;3.5
3;4;3.5
3.000000007401487;1;1
3.500000007401487;1;1
4;1.500000006158268;1
4;2.000000008586881;1
3.499999992598513;2.5;1
2.999999992598513;2.5;1
2.5;1.999999996299257;1
2.5;1.499999996299257;1
2.5;1.500000006158268;2.5
2.5;2.000000008586881;2.5
3.000000007401487;2.5;2.5
3.500000007401487;2.5;2.5
4;1.999999996299257;2.5
4;1.499999996299257;2.5
3.499999992598513;1;2.5
2.999999992598513;1;2.5
2.5;1;1.500000006158268
2.5;1;2.000000008586881
4;1;1.500000006158268
4;1;2.000000008586881
4;2.5;1.500000006158268
4;2.5;2.000000008586881
2.5;2.5;1.500000006158268
2.5;2.5;2.000000008586881
2.5;2.5;0
1.464285714523777;1.464285714103175;0
3.535714285877067;1.464285714474382;0
1.464285714026568;3.535714285445579;0
3.535714285494975;3.535714285953674;0
1.120457673206933;2.534250184928743;0
2.534250184903889;3.879542326744782;0
2.465749815049748;1.120457673379566;0
3.87954232657215;2.465749815074604;0
0.8525132288516281;0.8525132267267379;0
4.147486773213914;0.8525132286254017;0
0.8525132263479787;4.147486771047481;0
4.147486771273707;4.147486773592673;0
0.7591240464898921;3.203973623845459;0
3.203973623891907;4.240875953467139;0
1.796026375092898;0.7591240474123342;0
4.240875952544696;1.79602637504645;0
0.7556696565606992;1.796449437057678;0
1.796449437025668;4.244330343418805;0
3.203550563086351;0.7556696559412965;0
4.244330344038207;3.203550563118363;0
1.799216027932914;2.165069686306277;0
2.834930313688611;1.799216027925197;0
2.139945644432989;3.180319734561005;0
3.200783972045663;2.834930313759676;0
1.650166685641417;2.811924362068674;0
2.206506252484728;1.669133176280524;0
2.803784957031739;3.339453605578988;0
3.331760898283389;2.244704767486775;0
0.5492160258665872;2.667698144242523;0
2.667698144214735;4.450783974105613;0
2.332301855300758;0.5492160266019959;0
4.450783973370203;2.332301855328548;0
0.4883256811287333;1.304631980498907;0
1.304631980228778;4.511674318815555;0
3.695368018725515;0.4883256805609978;0
1.298476181341268;0.4972046282117494;0
4.511674319383291;3.695368018995645;0
4.502795371750383;1.298476181245439;0
0.4972046271400619;3.701523817761742;0
3.701523817857571;4.502795372822071;0
1.273585143297956;1.9793968757611;0
1.979396875718925;3.726414856651164;0
3.020603124408201;1.273585142701043;0
3.726414857248077;3.020603124450378;0
1.247394948586531;3.076475541270507;0
3.076475541257319;3.752605051352152;0
1.923524458520983;1.247394949218423;0
3.75260505072026;1.923524458534171;0
0.4993905326940862;0.4993905326856922;0
4.500609467362865;0.4993905326443505;0
0.499390532602546;4.500609467386629;0
4.500609467436365;4.500609467446012;0
0.4162433764754568;2.149606215170516;0
2.149606215157307;4.583756623509676;0
2.850393782858333;0.4162433765270619;0
4.58375662345807;2.850393782871544;0
1.030258905971303;3.611916753248932;0
1.388083246318805;1.030258906734537;0
3.611916753416427;3.969741093932831;0
3.969741093169596;1.38808324615131;0
3.638969124911255;0.9936735189820175;0
0.9936735195822735;1.361030874734806;0
4.006326480723082;3.638969126409278;0
1.361030873236788;4.006326480122826;0
2.051382611774974;2.569778901318924;0
2.294113152336649;2.099180721464075;0
2.56989034673346;2.938457684048736;0
2.870947008180162;2.231986558393392;0
1.787503404100107;1.740237863224711;0
1.724202918009757;3.232056785422096;0
3.2597621367983;1.787503404123081;0
3.232955096856536;3.273209345088055;0
0.3320477428329778;1.750137521743706;0
1.750137521680636;4.667952257148808;0
3.249862476380363;0.3320477426058713;0
4.667952257375914;3.249862476443433;0
1.785360885245637;0.3611089404452159;0
4.638891059533056;1.78536088522274;0
0.3611089398993082;3.214639112222514;0
3.214639112245411;4.638891060078964;0
0.3998570313093726;0.8994914001106814;0
0.8994913999826281;4.600142968768465;0
4.100508600152055;0.3998570306852878;0
4.60014296939255;4.100508600280105;0
0.8994913993442574;0.3998570276330247;0
4.600142972402876;0.8994913992783484;0
0.3998570266240809;4.100508601057265;0
4.100508601123172;4.60014297341182;0
1.517100269706807;2.425218939324665;0
2.631947376407822;1.465598005071583;0
2.42349299168182;3.480765012925964;0
3.515586499749134;2.596156616331776;0
0.8230343750815264;2.225480171432112;0
2.225480171404105;4.176965624886008;0
2.774519828140678;0.8230343750301929;0
4.176965624937341;2.774519828168688;0
0.9141458327647891;2.861718743968774;0
2.861718743961399;4.085854167193638;0
2.138281255721484;0.9141458333718522;0
4.085854166586574;2.13828125572886;0
2.879403375879185;2.594114999918171;0
2.5;2.5;5
1.464285714103175;1.464285714523777;5
1.464285714474382;3.535714285877067;5
3.535714285445579;1.464285714026568;5
3.535714285953674;3.535714285494975;5
2.534250184928743;1.120457673206933;5
3.879542326744782;2.534250184903889;5
1.120457673379566;2.465749815049748;5
2.465749815074604;3.87954232657215;5
0.8525132267267379;0.8525132288516281;5
0.8525132286254017;4.147486773213914;5
4.147486771047481;0.8525132263479787;5
4.147486773592673;4.147486771273707;5
3.203973623845459;0.7591240464898921;5
4.240875953467139;3.203973623891907;5
0.7591240474123342;1.796026375092898;5
1.79602637504645;4.240875952544696;5
1.796449437057678;0.7556696565606992;5
4.244330343418805;1.796449437025668;5
0.7556696559412965;3.203550563086351;5
3.203550563118363;4.244330344038207;5
2.165069686306277;1.799216027932914;5
1.799216027925197;2.834930313688611;5
3.180319734561005;2.139945644432989;5
2.834930313759676;3.200783972045663;5
2.811924362068674;1.650166685641417;5
1.669133176280524;2.206506252484728;5
3.339453605578988;2.803784957031739;5
2.244704767486775;3.331760898283389;5
2.667698144242523;0.5492160258665872;5
4.450783974105613;2.667698144214735;5
0.5492160266019959;2.332301855300758;5
2.332301855328548;4.450783973370203;5
1.304631980498907;0.4883256811287333;5
4.511674318815555;1.304631980228778;5
0.4883256805609978;3.695368018725515;5
0.4972046282117494;1.298476181341268;5
3.695368018995645;4.511674319383291;5
1.298476181245439;4.502795371750383;5
3.701523817761742;0.4972046271400619;5
4.502795372822071;3.701523817857571;5
1.9793968757611;1.273585143297956;5
3.726414856651164;1.979396875718925;5
1.273585142701043;3.020603124408201;5
3.020603124450378;3.726414857248077;5
3.076475541270507;1.247394948586531;5
3.752605051352152;3.076475541257319;5
1.247394949218423;1.923524458520983;5
1.923524458534171;3.75260505072026;5
0.4993905326856922;0.4993905326940862;5
0.4993905326443505;4.500609467362865;5
4.500609467386629;0.499390532602546;5
4.500609467446012;4.500609467436365;5
2.149606215170516;0.4162433764754568;5
4.583756623509676;2.149606215157307;5
0.4162433765270619;2.850393782858333;5
2.850393782871544;4.58375662345807;5
3.611916753248932;1.030258905971303;5
1.030258906734537;1.388083246318805;5
3.969741093932831;3.611916753416427;5
1.38808324615131;3.969741093169596;5
0.9936735189820175;3.638969124911255;5
1.361030874734806;0.9936735195822735;5
3.638969126409278;4.006326480723082;5
4.006326480122826;1.361030873236788;5
2.569778901318924;2.051382611774974;5
2.099180721464075;2.294113152336649;5
2.938457684048736;2.56989034673346;5
2.231986558393392;2.870947008180162;5
1.740237863224711;1.787503404100107;5
3.232056785422096;1.724202918009757;5
1.787503404123081;3.2597621367983;5
3.273209345088055;3.232955096856536;5
1.750137521743706;0.3320477428329778;5
4.667952257148808;1.750137521680636;5
0.3320477426058713;3.249862476380363;5
3.249862476443433;4.667952257375914;5
0.3611089404452159;1.785360885245637;5
1.78536088522274;4.638891059533056;5
3.214639112222514;0.3611089398993082;5
4.638891060078964;3.214639112245411;5
0.8994914001106814;0.3998570313093726;5
4.600142968768465;0.8994913999826281;5
0.3998570306852878;4.100508600152055;5
4.100508600280105;4.60014296939255;5
0.3998570276330247;0.8994913993442574;5
0.8994913992783484;4.600142972402876;5
4.100508601057265;0.3998570266240809;5
4.60014297341182;4.100508601123172;5
2.425218939324665;1.517100269706807;5
1.465598005071583;2.631947376407822;5
3.480765012925964;2.42349299168182;5
2.596156616331776;3.515586499749134;5
2.225480171432112;0.8230343750815264;5
4.176965624886008;2.225480171404105;5
0.8230343750301929;2.774519828140678;5
2.774519828168688;4.176965624937341;5
2.861718743968774;0.9141458327647891;5
4.085854167193638;2.861718743961399;5
0.9141458333718522;2.138281255721484;5
2.13828125572886;4.085854166586574;5
2.594114999918171;2.879403375879185;5
2.510037201512748;0;2.495441072293895
1.464285714354209;0;3.535714285576637
3.535714285877067;0;1.464285714474382
3.531558703959012;0;3.558719768240874
1.412012745324362;0;1.472430874050683
2.511460780858326;0;3.904319045068048
1.120710462102728;0;2.534668015598478
3.878911385322082;0;2.509317121864966
2.500000000094545;0;1.098432055844533
0.8525132281710341;0;4.147486771543391
4.147486773213914;0;0.8525132286254016
4.147486771273707;0;4.147486773592673
0.8525132271811048;0;0.8525132271811048
3.203550563724177;0;4.244330347741886
4.244330346742016;0;1.796449436707711
0.7556696532071333;0;1.796449436280242
1.751496298372579;0;0.77479363812666
1.796449437289031;0;4.244330343460199
0.7556696559691306;0;3.203550562665033
3.245479946533917;0;0.744762761592432
4.234485175740939;0;3.192530263449682
2.117625195605562;0;3.175298693707656
3.209975960824417;0;2.175770581114008
1.779745110355403;0;2.179075721373111
2.909547045708407;0;3.126167239967949
2.595499401374857;0;1.799216027928709
1.625164294083886;0;2.874588666857113
3.466652269777236;0;2.893100550850914
2.113318871450376;0;1.550294337949821
2.712704751885138;0;4.442617775388721
0.5492160265496487;0;2.332301854931809
4.481624716113998;0;2.301236040706502
2.290989559603594;0;0.5566528401789109
2.920689968641162;0;1.386758663826662
1.304631981475777;0;4.511674319032752
0.4969528536451309;0;3.701492986107941
3.70118542717325;0;0.495557041479372
4.51066971037148;0;3.694243498631847
4.503047149753103;0;1.298507016643491
3.701492982634314;0;4.503047150894179
1.300044930623243;0;0.4902771048352834
0.496952850310657;0;1.298507015858946
2.999728001742403;0;3.652122020534363
1.970942818808029;0;3.715290447072609
3.616410618922918;0;2.031374388808782
1.321494114621232;0;2.009040265258736
2.990688035768421;0;2.626080154112511
2.020169449968659;0;2.619138390336585
0.4993905329982784;0;4.500609467000542
4.500609467362866;0;0.4993905326443504
4.500609467436365;0;4.500609467446012
0.4993905323317634;0;0.4993905323317634
2.15710731652002;0;4.5823955904205
0.4162433765096917;0;2.850393782651807
2.821592726849259;0;0.47065636086798
4.59611940548079;0;2.825260388168108
3.685118222877694;0;3.998082834803993
3.998082833743354;0;1.314881776128328
1.023469214909325;0;3.625008038000062
1.001917166523602;0;1.314881774880849
1.336275070363329;0;1.011817532412313
1.361030879539808;0;4.006326481341364
3.650843227622549;0;1.001731385124358
4.006326480704601;0;3.638969126512731
2.521431812231026;0;3.424615494572777
2.219751062978083;0;2.083765126670758
1.230305277113882;0;3.122997497144295
2.514652775063165;0;2.937432812365356
3.456240384208196;0;2.482462203147897
3.922474247406644;0;2.92078322470377
2.101844978825204;0;1.093819063944977
1.548872454018989;0;2.465335761635871
3.161394288738003;0;1.791721695258026
2.777958237054948;0;2.180979703801238
1.751637742255251;0;4.66768005058269
0.3337731772247907;0;3.25108746973128
3.25000000861581;0;0.3379083544908543
4.668254858318642;0;3.242406833496251
4.645800442521823;0;1.779238501710193
1.768506160618535;0;0.3643447166281709
0.3603677060134878;0;1.785451664312852
3.223549654701294;0;4.637999054804958
0.8994914006454021;0;4.600142968344174
0.3998570311468783;0;4.100508599472379
4.100508600079574;0;0.3998570307579448
4.600142969392552;0;4.100508600280108
4.600142972402876;0;0.8994913992783478
4.100508601202218;0;4.600142973491057
0.8994913987370635;0;0.3998570272440925
0.399857027171435;0;0.8994913986645829
1.741529169129598;0;1.76221063301195
1.736645605065904;0;3.275984662853102
2.898055043535786;0;0.9329155626949649
2.229733021072108;0;4.177790640282015
0.8144289596490162;0;2.808782342598285
2.889122057926162;0;4.036037276677234
0.9191169760851097;0;2.136293711300978
4.098110018548445;0;2.160482830061157
3.263358260034763;0;1.121909742066808
3.291503967261042;0;3.269211970079391
3.320975113110397;0;3.879962165745667
1.742746188910907;0;1.2775610132494
3.768349865542183;0;3.261443828042377
2.437962668288808;0;1.435742612384199
4.201954158102149;0;2.651601644825697
3.906744235781024;0;1.66532999159389
1.093255764352566;0;1.665329990724274
2.623457519902047;0;0.7584957455919491
5;2.510037201512749;2.495441072293896
5;1.46428571435421;3.535714285576636
5;3.535714285877067;1.464285714474382
5;3.531558703959012;3.558719768240874
5;1.412012745324362;1.472430874050683
5;2.511460780858325;3.904319045068048
5;1.120710462102728;2.534668015598477
5;3.878911385322083;2.509317121864966
5;2.500000000094544;1.098432055844533
5;0.8525132281710347;4.147486771543392
5;4.147486773213914;0.8525132286254017
5;4.147486771273707;4.147486773592673
5;0.8525132271811051;0.8525132271811051
5;3.203550563724177;4.244330347741886
5;4.244330346742016;1.796449436707709
5;0.7556696532071335;1.796449436280242
5;1.751496298372579;0.77479363812666
5;1.796449437289031;4.2443303434602
5;0.7556696559691307;3.203550562665033
5;3.245479946533918;0.7447627615924324
5;4.234485175740939;3.192530263449682
5;2.117625195605562;3.175298693707656
5;3.209975960824417;2.175770581114009
5;1.779745110355404;2.179075721373111
5;2.909547045708408;3.126167239967948
5;2.595499401374857;1.799216027928709
5;1.625164294083886;2.874588666857112
5;3.466652269777237;2.893100550850913
5;2.113318871450376;1.550294337949821
5;2.712704751885138;4.442617775388721
5;0.5492160265496489;2.332301854931809
5;4.481624716113998;2.301236040706499
5;2.290989559603593;0.5566528401789104
5;2.920689968641161;1.386758663826662
5;1.304631981475777;4.511674319032752
5;0.4969528536451312;3.701492986107941
5;3.70118542717325;0.495557041479372
5;4.510669710371479;3.694243498631847
5;4.503047149753104;1.29850701664349
5;3.701492982634314;4.503047150894179
5;1.300044930623243;0.490277104835283
5;0.4969528503106571;1.298507015858946
5;2.999728001742404;3.652122020534365
5;1.97094281880803;3.715290447072608
5;3.616410618922918;2.031374388808782
5;1.321494114621232;2.009040265258736
5;2.99068803576842;2.626080154112509
5;2.02016944996866;2.619138390336585
5;0.4993905329982782;4.500609467000543
5;4.500609467362865;0.4993905326443505
5;4.500609467436365;4.500609467446012
5;0.4993905323317637;0.4993905323317637
5;2.15710731652002;4.5823955904205
5;0.4162433765096918;2.850393782651807
5;2.821592726849258;0.4706563608679797
5;4.59611940548079;2.825260388168108
5;3.685118222877693;3.998082834803992
5;3.998082833743357;1.31488177612833
5;1.023469214909325;3.625008038000062
5;1.001917166523603;1.31488177488085
5;1.336275070363329;1.011817532412313
5;1.361030879539809;4.006326481341363
5;3.650843227622549;1.001731385124359
5;4.006326480704601;3.63896912651273
5;2.521431812231027;3.424615494572777
5;2.219751062978084;2.083765126670758
5;1.230305277113882;3.122997497144295
5;2.514652775063165;2.937432812365355
5;3.456240384208196;2.482462203147898
5;3.922474247406645;2.92078322470377
5;2.101844978825203;1.093819063944977
5;1.54887245401899;2.46533576163587
5;3.161394288738002;1.791721695258026
5;2.777958237054948;2.180979703801239
5;1.751637742255251;4.66768005058269
5;0.3337731772247907;3.25108746973128
5;3.250000008615809;0.3379083544908542
5;4.668254858318641;3.242406833496251
5;4.645800442521824;1.779238501710192
5;1.768506160618535;0.3643447166281707
5;0.3603677060134879;1.785451664312851
5;3.223549654701294;4.637999054804957
5;0.8994914006454019;4.600142968344175
5;0.3998570311468782;4.10050859947238
5;4.100508600079573;0.3998570307579445
5;4.60014296939255;4.100508600280105
5;4.600142972402876;0.8994913992783484
5;4.100508601202217;4.600142973491057
5;0.8994913987370632;0.3998570272440918
5;0.399857027171435;0.8994913986645832
5;1.741529169129597;1.762210633011951
5;1.736645605065905;3.275984662853101
5;2.898055043535786;0.9329155626949649
5;2.229733021072108;4.177790640282016
5;0.8144289596490163;2.808782342598284
5;2.889122057926162;4.036037276677236
5;0.9191169760851099;2.136293711300978
5;4.098110018548443;2.160482830061154
5;3.263358260034765;1.121909742066809
5;3.291503967261045;3.269211970079391
5;3.320975113110396;3.87996216574567
5;1.742746188910908;1.277561013249401
5;3.768349865542184;3.261443828042376
5;2.437962668288807;1.435742612384198
5;4.201954158102149;2.651601644825696
5;3.906744235781024;1.665329991593891
5;1.093255764352566;1.665329990724275
5;2.623457519902046;0.7584957455919473
2.454824034735898;5;2.474626966682792
3.535714285626032;5;3.535714285626032
1.406863673663132;5;1.481678834809033
1.468441295966415;5;3.558719768016177
3.527569125872401;5;1.412012744873986
2.488539219123737;5;3.90431904499724
2.465331984199364;5;1.120710461917981
1.121088614634041;5;2.509317121849131
3.901567944225872;5;2.499999999907576
4.147486771769617;5;4.147486771769617
0.8525132267267375;5;0.8525132288516276
0.8525132286254016;5;4.147486773213914
4.147486772718004;5;0.8525132268023452
3.2035505637757;5;0.7556696523448041
0.7556696532349678;5;1.796449436701559
1.796449436511595;5;4.244330346813766
4.225206361977705;5;1.751496297908182
3.203550562854999;5;4.244330344079603
4.255237238688954;5;3.245479945374782
1.796449437237507;5;0.75566965662649
0.7655148243171408;5;3.192530263127388
2.819637563308921;5;3.205420201135623
1.856244664441249;5;2.125640872393936
2.820924278609498;5;1.779745110284767
2.090452954296434;5;3.126167239961022
3.200783972119233;5;2.59549940132595
2.119823192451136;5;1.617319761898346
1.533347730321248;5;2.893100550756536
3.449705662136366;5;2.113318871301262
2.66769814440058;5;0.549216025901045
2.28729524618213;5;4.442617774843181
0.518375283863562;5;2.301236040687987
4.443347159876541;5;2.290989559415214
3.613241336383184;5;2.920689968050688
1.304631980557498;5;0.488325681180066
4.504442958708756;5;3.701185426148635
3.701492986280166;5;4.50304714638743
0.4893302895808269;5;3.694243498332095
0.4969528502104836;5;1.298507016735485
1.29850701656326;5;4.503047149822076
4.509722895168094;5;1.300044930278431
3.70149298326506;5;0.4969528493018016
2.00027199819931;5;3.652122020465281
3.020603124186519;5;3.726414857360095
1.326315965567778;5;2.005458480218394
2.99095973472567;5;1.321494114091551
2.013114762599372;5;2.621026429094605
2.377141883485467;5;2.010851893831552
4.500609467050278;5;4.500609467050278
0.4993905326856919;5;0.4993905326940858
0.4993905326443504;5;4.500609467362866
4.500609467748952;5;0.4993905322486162
2.149606215264586;5;0.4162433765003429
2.842892681262828;5;4.582395590400539
4.52934363920555;5;2.821592726615371
0.4038805945225661;5;2.825260388116862
1.001917166189274;5;1.314881776349315
1.31488177619458;5;3.998082833809606
3.685118226783775;5;3.998082830611875
3.685118224252177;5;1.001917165589968
3.988182467551552;5;1.336275069830056
3.998268615701776;5;3.6508432259422
0.9936735190004972;5;3.638969125014706
1.367816390519294;5;1.017238689335021
2.434970581263571;5;3.440058289866909
2.90953472084805;5;2.206491292132029
1.866975966695505;5;1.230779286039898
2.485347224941683;5;2.937432812363386
1.558633924453219;5;2.451426870604112
1.077525752772956;5;2.920783224516271
3.906180936147742;5;2.101844978573808
2.533714455897058;5;1.547121220523814
3.212864972238689;5;3.166271658786956
1.750137521810204;5;0.3320477428613798
4.662091645502183;5;3.25000000861581
3.249587249525923;5;4.665954616173514
0.3317451416841067;5;3.242406833361593
0.3541995574618027;5;1.779238501723658
1.776450342750049;5;4.637999054295804
4.635655283404468;5;1.768506160419018
3.214548333340836;5;0.3603677055095302
4.600142968889022;5;4.100508599538286
4.100508599617332;5;4.600142968968261
0.899491400183162;5;0.39985703138203
0.3998570306852875;5;4.100508600152054
0.3998570276330249;5;0.8994913993442571
0.8994913991993033;5;4.600142972482113
4.600142972906403;5;0.8994913985365299
4.100508601664457;5;0.3998570262351489
3.237789366972635;5;1.741529169051488
1.724023577012778;5;1.740476066896188
4.067084437605583;5;2.898055042626986
2.189212349559508;5;0.8145237613971514
2.768576166722043;5;4.180015522336132
2.847165414698746;5;2.76429038873779
2.110877942052733;5;4.036037276230427
2.863706288501387;5;0.9191169755416815
0.9018899814187833;5;2.160482830047453
3.878090258637394;5;3.263358258061994
1.708496032769878;5;3.269211969988575
1.679024886181454;5;3.879962164974746
3.7224389867764;5;1.742746188589797
1.231650134683659;5;3.261443827600747
3.564257387679364;5;2.437962668146582
2.175331336315496;5;2.308036540500721
0.7980458419215082;5;2.651601644724182
3.34158810133816;5;3.898776548869658
1.093255764147579;5;1.665329991719883
3.33467000878226;5;1.093255763277673
4.241504254496411;5;2.623457519691234
0;2.454824034735898;2.474626966682792
0;3.535714285626032;3.535714285626032
0;1.406863673663132;1.481678834809033
0;1.468441295966415;3.558719768016177
0;3.527569125872401;1.412012744873986
0;2.488539219123737;3.90431904499724
0;2.465331984199364;1.120710461917981
0;1.121088614634041;2.509317121849131
0;3.901567944225872;2.499999999907576
0;4.147486771769617;4.147486771769617
0;0.8525132267267375;0.8525132288516276
0;0.8525132286254016;4.147486773213914
0;4.147486772718004;0.8525132268023452
0;3.2035505637757;0.7556696523448041
0;0.7556696532349678;1.796449436701559
0;1.796449436511595;4.244330346813766
0;4.225206361977705;1.751496297908182
0;3.203550562854999;4.244330344079603
0;4.255237238688954;3.245479945374782
0;1.796449437237507;0.75566965662649
0;0.7655148243171408;3.192530263127388
0;2.819637563308921;3.205420201135623
0;1.856244664441249;2.125640872393936
0;2.820924278609498;1.779745110284767
0;2.090452954296434;3.126167239961022
0;3.200783972119233;2.59549940132595
0;2.119823192451136;1.617319761898346
0;1.533347730321248;2.893100550756536
0;3.449705662136366;2.113318871301262
0;2.66769814440058;0.549216025901045
0;2.28729524618213;4.442617774843181
0;0.518375283863562;2.301236040687987
0;4.443347159876541;2.290989559415214
0;3.613241336383184;2.920689968050688
0;1.304631980557498;0.488325681180066
0;4.504442958708756;3.701185426148635
0;3.701492986280166;4.50304714638743
0;0.4893302895808269;3.694243498332095
0;0.4969528502104836;1.298507016735485
0;1.29850701656326;4.503047149822076
0;4.509722895168094;1.300044930278431
0;3.70149298326506;0.4969528493018016
0;2.00027199819931;3.652122020465281
0;3.020603124186519;3.726414857360095
0;1.326315965567778;2.005458480218394
0;2.99095973472567;1.321494114091551
0;2.013114762599372;2.621026429094605
0;2.377141883485467;2.010851893831552
0;4.500609467050278;4.500609467050278
0;0.4993905326856919;0.4993905326940858
0;0.4993905326443504;4.500609467362866
0;4.500609467748952;0.4993905322486162
0;2.149606215264586;0.4162433765003429
0;2.842892681262828;4.582395590400539
0;4.52934363920555;2.821592726615371
0;0.4038805945225661;2.825260388116862
0;1.001917166189274;1.314881776349315
0;1.31488177619458;3.998082833809606
0;3.685118226783775;3.998082830611875
0;3.685118224252177;1.001917165589968
0;3.988182467551552;1.336275069830056
0;3.998268615701776;3.6508432259422
0;0.9936735190004972;3.638969125014706
0;1.367816390519294;1.017238689335021
0;2.434970581263571;3.440058289866909
0;2.90953472084805;2.206491292132029
0;1.866975966695505;1.230779286039898
0;2.485347224941683;2.937432812363386
0;1.558633924453219;2.451426870604112
0;1.077525752772956;2.920783224516271
0;3.906180936147742;2.101844978573808
0;2.533714455897058;1.547121220523814
0;3.212864972238689;3.166271658786956
0;1.750137521810204;0.3320477428613798
0;4.662091645502183;3.25000000861581
0;3.249587249525923;4.665954616173514
0;0.3317451416841067;3.242406833361593
0;0.3541995574618027;1.779238501723658
0;1.776450342750049;4.637999054295804
0;4.635655283404468;1.768506160419018
0;3.214548333340836;0.3603677055095302
0;4.600142968889022;4.100508599538286
0;4.100508599617332;4.600142968968261
0;0.899491400183162;0.39985703138203
0;0.3998570306852875;4.100508600152054
0;0.3998570276330249;0.8994913993442571
0;0.8994913991993033;4.600142972482113
0;4.600142972906403;0.8994913985365299
0;4.100508601664457;0.3998570262351489
0;3.237789366972635;1.741529169051488
0;1.724023577012778;1.740476066896188
0;4.067084437605583;2.898055042626986
0;2.189212349559508;0.8145237613971514
0;2.768576166722043;4.180015522336132
0;2.847165414698746;2.76429038873779
0;2.110877942052733;4.036037276230427
0;2.863706288501387;0.9191169755416815
0;0.9018899814187833;2.160482830047453
0;3.878090258637394;3.263358258061994
0;1.708496032769878;3.269211969988575
0;1.679024886181454;3.879962164974746
0;3.7224389867764;1.742746188589797
0;1.231650134683659;3.261443827600747
0;3.564257387679364;2.437962668146582
0;2.175331336315496;2.308036540500721
0;0.7980458419215082;2.651601644724182
0;3.34158810133816;3.898776548869658
0;1.093255764147579;1.665329991719883
0;3.33467000878226;1.093255763277673
0;4.241504254496411;2.623457519691234
1.5;1.5;1
1.25;1.25;1
1.75;1.25;1
1.75;1.75;1
1.25;1.75;1
1.5;1.5;2
1.25;1.25;2
1.75;1.25;2
1.75;1.75;2
1.25;1.75;2
1.5;1;1.5
1.25;1;1.25
1.75;1;1.25
1.25;1;1.75
1.75;1;1.75
2;1.5;1.5
2;1.25;1.25
2;1.75;1.25
2;1.25;1.75
2;1.75;1.75
1.5;2;1.5
1.75;2;1.25
1.25;2;1.25
1.75;2;1.75
1.25;2;1.75
1;1.5;1.5
1;1.25;1.25
1;1.75;1.25
1;1.25;1.75
1;1.75;1.75
3.5;3.5;3
3.25;3.25;3
3.75;3.25;3
3.75;3.75;3
3.25;3.75;3
3.5;3.5;4
3.25;3.25;4
3.75;3.25;4
3.75;3.75;4
3.25;3.75;4
3.5;3;3.5
3.25;3;3.25
3.75;3;3.25
3.25;3;3.75
3.75;3;3.75
4;3.5;3.5
4;3.25;3.25
4;3.75;3.25
4;3.25;3.75
4;3.75;3.75
3.5;4;3.5
3.75;4;3.25
3.25;4;3.25
3.75;4;3.75
3.25;4;3.75
3;3.5;3.5
3;3.25;3.25
3;3.75;3.25
3;3.25;3.75
3;3.75;3.75
3.250000001355275;1.749999999906338;1
3.562499998732388;2.062500000730934;1
3.623511908275033;1.376488096729455;1
2.937499998959166;2.062499999653055;1
2.937500000346945;1.437499998959165;1
2.758928573026406;1.749999998909602;1
3.741071433491953;1.750000007372574;1
3.249999998537811;2.241071425336901;1
3.250000007401487;1.25892856693955;1
3.249999998644725;1.749999999906339;2.5
2.937500001267613;2.062500000730934;2.5
2.876488091724966;1.376488096729455;2.5
3.562500001040834;2.062499999653056;2.5
3.562499999653055;1.437499998959165;2.5
3.741071426973593;1.749999998909603;2.5
2.758928566508046;1.750000007372574;2.5
3.250000001462189;2.241071425336903;2.5
3.249999992598514;1.258928566939551;2.5
3.249999999511775;1;1.75000000197324
3.623511907965432;1;1.376488096852995
3.623511903982259;1;2.123511907203715
2.876488092880289;1;2.123511907203715
2.876488096863464;1;1.376488096852996
3.249999998305419;1;2.241071425289596
2.800595237851106;1;1.75000000415502
3.699404762291893;1;1.75000000415502
3.250000003828729;1;1.300595239135846
4;1.750000000285576;1.750000001774035
4;2.123511908317071;1.376488096836299
4;2.123511904905449;2.123511907487424
4;1.376488093705984;2.123511907487424
4;1.437499999807102;1.437499999807102
4;1.749999999190462;2.241071427191053
4;1.258928566460612;1.750000007372574
4;2.199404762701619;1.750000004168582
4;1.750000007372574;1.258928565712918
3.250000000488225;2.5;1.750000001973241
2.876488092034567;2.5;1.376488096852996
2.876488096017741;2.5;2.123511907203715
3.623511907119709;2.5;2.123511907203715
3.623511903136536;2.5;1.376488096852996
3.250000001694581;2.5;2.241071425289598
3.699404762148894;2.5;1.75000000415502
2.800595237708106;2.5;1.75000000415502
3.249999996171271;2.5;1.300595239135847
2.5;1.750000001610243;1.75000000325371
2.5;1.376488093448083;1.376488097479053
2.5;1.376488096936805;2.123511908749721
2.5;2.12351190847581;2.123511908749721
2.5;2.06250000046169;1.437499999845501
2.5;1.750000004353601;2.199404764150631
2.5;2.241071433285163;1.750000007372575
2.5;1.300595238399026;1.750000004845526
2.5;1.749999996299257;1.258928568089764
4.405090987135948;3.042774847122222;2.558037064784794
1.213575450306321;0.5079238906193163;1.536424549693679
4.458511716204671;4.454322507722581;3.261486953184022
3.249999992598513;0.5806810381860732;2.881999373961786
3.023441438775197;4.425549347852511;3.273441438775197
4.513747670917541;3.018204203469296;3.964009519327573
0.598436672731728;0.5984366727634169;1.75
1.286526398399403;3.172389601253466;2.810642058122018
3.25;3.5;4.504675826997159
3.106973660732362;3.643026339267638;2.562523001753796
4.382269567151012;0.6108769035123167;2.849181558503139
3.719531746285651;1.112076398421896;3.038836936603424
1.904895576527345;4.575497681530502;3.930484655001175
0.491961554951084;1.452975180494781;1.797024819505219
4.401563326716391;0.5984366732467531;1.750000007372575
0.505242252248371;1.106985514820831;3.742110872586514
4.401425851142739;3.25;4.402125991487808
2.126350684802954;4.521305752601291;1.330837022796404
1.73069099852787;3.877408279638632;2.889560256730572
1.662131524450591;2.982382328280861;1.776154263562931
1.25;1.5;0.507653061166957
0.5324429940440333;3.012417405885501;1.961811601162473
0.490056555548544;3.923083941633641;3.780687291783678
2.564767002539155;3.057717512303698;4.411063784754496
3.336616631846531;2.972594626056503;1.424332170819862
3.79543032325539;3.45456967674461;4.505614840198423
0.9895277836740183;4.409005042485144;4.409005042429468
2.53798471542934;3.658279704909099;4.392617366345204
3.009697330034688;3.708220016093868;1.402079057004576
2.290764182542229;0.6178848118444367;3.733046177022942
4.357926378623423;2.674693491530055;4.32407688681808
0.6438674543763847;3.765219320218558;2.116696404426547
0.6401838861251763;2.581857389997581;4.39453470458072
0.5268636186199687;1.804034855163168;3.071135979341128
2.44023972308954;3.801437737397791;3.732536505849081
0.7327393118870942;4.369699470018634;0.6303005300082815
2.508774632085559;1.749999996299257;0.4832604883050468
1.508752942694362;3.966645869705176;1.126766141743862
1.209203333464296;2.501421623621709;2.240022530193601
0.6003334873368619;1.338847699345368;2.47271124373576
1.851885592817619;3.428095560812745;1.406133330341353
4.492349868861321;3.485248144713571;3.764751855286429
1.75;0.5064841396990252;1.5
4.504619639098105;3.529201502350175;3.220798497649825
3.73014344255015;3.024579255420666;0.6853291303225205
4.468717328202048;3;3.25
1.834572891618523;4.521267526091381;0.4787324738711715
1.245364598079774;3.485512525421806;1.26612313479163
3.554856665816263;4.506607125183246;3.804856665816263
3.5;4.498439449000028;3.25
1.092493599038945;1.125062862272267;4.517284390311552
2.480526558191395;1.625509558921459;3.105633154040151
2.142578723092045;4.457903705665354;2.452904363963861
3.568118736723588;3.676295655334879;0.6358466971625722
2.249757993635514;4.395778733911913;1.855668978070121
2.324333375207732;3.058314659354392;1.315253362613912
2.622239715912944;4.367329639377886;1.138950590362584
2.276531241358444;0.5229588273026766;1.750000007372575
4.529399155634874;3.443446490966485;0.4681698682495515
2.573793837576999;4.398983439908625;3.100000332212695
1.30161406075717;3.792358720610186;2.282900400654476
0.6045153431747781;4.394580566112434;1.492451739261705
0.5426584971818659;4.471091035645738;2.598072924519328
2.83491470910657;3.853618203784982;2.23860786587917
1.493283316286574;3.742087827065668;3.788125707183717
1.823250530535679;1.302859187398168;3.651994891627613
3.778027666066732;2.425873636670505;3.783072726743984
4.373656393118053;2.579039217175254;3.75
3.75;2.580563992483759;4.384125204200143
1.757498802761411;3.233461161446218;3.700089891778912
3.689879118206321;1.699586465378772;3.109922779643031
2.481022498082599;2.699399579557844;3.39868050018742
0.5000752711090006;1.5;1.25
2.660008271822044;4.202696191866058;0.5581453315886978
2.130323378432446;3.57929041586632;2.842845298299754
3.250000007401487;0.5987587747566767;0.6078471355071949
2.919685286759558;2.983542462058483;0.5695808615480074
2.637940073252457;0.5870883161823983;0.5575994751554239
2.052625741340095;2.999354407550832;2.589978615705771
2.050615646128421;0.6523691048920606;0.5235984340938195
0.5893403977519307;1.619643656123904;3.836220882811255
0.9795586131088813;4.522822410949471;2.333375305606902
4.422220185040164;1.887604667347591;2.970006930215559
4.493247561390366;1.196878016529988;0.7594724818414589
1.742071726148606;3.940783700417349;0.4588085468803894
3.249999992598513;3.282072134633912;1.046337223888212
3.460548181442615;0.5009017958026899;1.221446598254356
2.622622143993929;0.6976655913829399;3.166730782466081
0.8364637212947788;2.506219231870285;0.6020036288863351
1.408839356275932;4.325587327223953;0.6744126727075677
2.797142068101043;2.982915372991524;1.086056496980773
4.403670505740848;1.750000007372575;0.5984146923703201
2.489888469051934;4.282027555617015;4.356779476612102
1.470243731076115;4.376995167655746;3.856681983145598
3.508603930449412;0.6127968786204253;3.921890538117631
4.452011375723897;4;3.75
0.6301337522443001;3.432927732896522;3.833535321902052
4.47407914093716;4.456521186539021;4.144069010284147
1.5272233495182;2.919738498107515;4.041650374109221
3.030320132245322;4.47691082209499;3.780320132245322
2.300775919046075;1.284612999141819;4.37670922875069
1.276306991543225;0.6312186257805126;4.368781374115572
1.916076660951219;2.43833377847947;2.556691483180792
1.512413773343212;2.893419523183566;4.557162336790602
4.035262204224533;0.9821784363070498;4.035262204436534
3.186910294924777;4.097064800932316;0.9563894278297949
1.01306050180538;2.942929711917998;3.984984770942492
0.8384825421706941;3.217719670286451;2.428184994502307
2.457837684809764;1.250000003079134;3.634432611398713
2.68472900920893;2.126329418756677;3.406306077723634
1.25;1;2.900015830374532
3.969160644793963;2.219160643982906;3.280839355206037
4.065731731842192;3.452699155081487;1.047628744732157
2.45382651780639;3.37388170660835;2.520485921073448
4.163855087841763;0.5288292033241624;1.250000003079134
1.983946012775232;3.992520385043321;4.000054456199734
3.498009228683484;3.751990771316516;1.756388595349665
0.5008235508822384;3.118950162829838;1.171759479951536
1.25;2.582922793193602;2.826958374836377
1.014170573664059;2.747494846455124;1.735829426335941
1.987655719267073;2.643473450411186;3.75
0.7077745258505043;1.498155119811085;4.405409276506134
2.693183489717034;4.367533075295488;2.520693392690223
0.9993963454245927;3.013712904920354;0.9986221715643879
2.238204892294211;3.938863087031033;2.259564548481664
2.371031422530914;0.6116105235639143;4.389343067893159
2.216807802498284;3.155237589104288;3.094762410895712
3.5;1.751753826837236;3.75
2.068261084903891;1.776360839555895;2.431738918936834
1.75;0.6606315681392949;2.554172749666885
0.9419142905997364;4.047497579272598;2.692920736588742
4.497027701843263;2.25000000429344;0.8624827826893868
3.016783751653205;2.105596935242732;4.456694497714427
4.299898018160371;3.599415388385547;1.690868599852258
2.42621657892052;3.660034823623022;1.250000003079134
1.504501233519664;3.075596624729224;0.9436178295276875
0.9014729420919171;2.051452132042713;4.098663732893666
3.990334831479469;2.994745215119998;4.527672914241883
4.265135442042282;0.5267370733597192;2.298247289656661
1.752477998649876;2.835498830718305;1.321568347009082
1.404972809100808;1.49425098188892;2.963351094904993
0.6779266061835925;3.56568618895154;0.6780098041686246
2.19886537733678;3.951898479342054;3.201898479342054
1.660128014400254;3.552953125540701;0.8441336770028998
0.5660330509882326;3.976623611640128;4.424630203209132
3.867346726681594;4.25339892060569;0.6861321166053236
3.470070665787011;1.280029184330961;4.325922540895453
1.13657843355271;3.855852649602152;0.6458253921894674
2.181537827623106;0.5979594070815111;1.257164964089615
3.9693026317936;3.2806973682064;2.219302633676725
0.7035902062011495;0.6693537867767112;2.567064132304993
2.956000316981893;0.8292006866569591;4.167412867453812
1;1.75;2.756224505554133
4.149355500942819;4.110739552598003;2.169776162256015
1.778467039531082;4.153051589118707;1.55399799160786
3.291796281377013;0.9182769786477566;3.400202002932386
1.756777786283755;1.993222213716245;2.743222213832645
4.077746908508702;1.65848231413033;3.842203641479212
0.5604846352607402;2.088524418599545;0.7386606876982982
3.402592918470167;4.436912749504463;4.438162475953727
0.9873964081053663;4.008612542669171;1.145828440543734
1.984652250688089;1.830581957411143;4.124093068956692
1.359532242682426;1.553788593448058;4.306080107144299
1.917613825991134;4.293675100191313;3.537818654538094
1.969272152364445;4.423023206844343;2.989899187766266
0.5353005270130716;3.002208475468474;0.6475372408062269
2.956163074567032;1.086608876538588;3.02317488047043
1.882920961952998;2.57741517665467;3.044391405611965
2.454279717365369;4.361087558500209;3.678895678448636
1.990243184234263;2.886854807822809;4.361457062832838
0.9757164429705538;3.951495742152134;3.979575437466271
4.488259398974408;3.319447187765105;2.117865741408665
0.5721222036589635;0.9953125062118755;0.5721222036102923
3.501990716715207;3.059336306723739;2.44066369330573
0.8985434172940552;0.6599883366582548;3.408762746588106
2.035337734742832;2.006184275347287;3.34500162434332
2.521851029839198;3.536743492054494;3.286743492054494
2.906540874747887;0.5701386281119678;3.65342434098869
3.551975839757364;3.698024160242636;2.413411224350752
1.25;0.6020650617207459;0.6037532822150938
0.9695816350163802;1.056375884382389;3.98823109699619
3.034766636750494;3.284766636750494;2.223259255356095
3.799365393619333;4.42499230003202;2.629793483967092
0.6492650104659274;2.506974190626046;1.239466733143384
2.868717023003241;3.149164659419081;1.585058016285717
2.9797411826199;1.769181308628877;3.660182419511549
3.581044281128348;1.931184783656839;4.368877346512011
2.101517605829779;3.016549806143523;0.7394059188839691
1.413387413126571;2.847746917301075;3.437272300180855
1.904661949845075;4.428336256003928;4.413436756133857
4.39372214423225;4.386925694033706;2.686508132743926
4.413413652240001;3.893889909605091;0.7121019240051023
4.382581982348626;2.986221692639797;0.6808784944053363
3.770456808539161;3.154496757673283;1.581981357358649
4.428692769084351;3.991712764675553;4.428692769028868
1.75;0.563278570109452;2
1.61559535564495;4.264982485553292;2.484491474370834
2.048642105081308;2.675264964097079;1.750000007372575
3.991830184440221;0.6944980762753958;3.359121902938456
4.488429603679612;1.309619587197284;2.802707000929352
3.300056713100451;2.32105522053508;3.178045737476499
3.25;2.350841787598188;4
0.9302656569758481;4.38189346833862;3.517486343152172
0.7094871203559805;3.8191390499412;3.329341159636279
1.278992130229873;1.13831336903846;3.477687440065626
0.5596841054699184;3.371463848363706;4.441570917586306
2.09851114060969;4.211964337361096;0.7828684002618298
0.7215023292356331;3.412617004618351;1.565062038148201
1.51350750155512;2.636700445931863;0.6804162874141266
0.5714951326851248;0.5714951323071424;1.005295758160891
2.865728712747218;1.617081399542706;4.208421126320589
1.203910742445736;3.327431986581809;0.5370509784597065
1.077715393119084;3.60064405682108;4.41336660307267
0.635462495652291;2.249218623762701;2.501825059296239
3.092629501544457;1.575868725401113;3.181719647120286
0.7399619724973152;1.343353843373884;3.332496141248328
1.137650469079053;3.349211388665269;3.631958993547806
4.356788096722087;2.966452200359612;1.750000007372575
1.25;0.5310308334583664;2.262979105262432
1.700033261447995;0.723167345613642;3.414018253089039
1.365129985887869;4.454024136456109;1.252353085376016
3.474702380737615;0.4851369309067916;1.783825881143979
1.75;0.563278570109452;1
3.692428567604656;3.929475716490161;1.22242947211168
0.5755339754631859;0.5755339759459629;3.935796215324959
3.017653393519474;1.25651702646279;3.781747834017379
0.5259334913651957;3.642393976926688;2.67219963001293
1.470614329298968;4.007605131782588;4.372274320292427
3.987721191365284;4.53568002972692;3.088536333078293
1.253404321402799;2.569859273522315;1.250068165177956
0.6966803302345757;2.765191611599632;2.771130750482228
4.007351238136783;4.427710480450235;4.427710480787614
1.496702103114144;2.459700276525793;4.277331398271705
3.729421954374231;3.979421954374231;4.477058283558531
2.514966286089026;3.884302606033904;2.743951493902207
4.095229022143442;4.473832409800243;3.75
0.5635918738908777;2.362724913965189;1.812935747324845
0.7981405467052555;3.116994015460759;3.227685452423552
0.5416760366753921;2.705889511818214;3.635128490696276
1.429110622266307;1.750000007372575;3.427223444941384
1.727631766441289;3.442307174711688;2.524911283443306
0.5659976737596555;4.384811291160501;3.989752940680928
0.5627713444022728;1.600296731383419;0.5627713444125457
1.527412620795431;2.516727163009842;1.738715155134355
1.471004728400428;4.26902260905833;3.208139073084584
2.447151132099375;2.805360770340699;3.954571685578936
2.952841578939541;0.5025347431421865;1.796339381011023
0.4938910344383589;2.985763570013571;4.083753281156441
2.780379240760376;3.616331700591681;0.6450527402710315
2.810478864020729;4.187244448099705;1.736746434082536
4.333437820345016;1.526316164933643;4.360032612749512
4.185793545310378;1.403399492486082;3.318513604096526
1.824266390180175;0.8755525671320744;4.124447432873127
3.325795783053538;4.265612337604107;2.300771575270581
3.530738091717409;0.4589853153803037;3.315121739116993
1.300976018030044;0.6374676189569042;3.804496836185545
1.31703952774221;2.294881955397067;3.705229892782473
3.25;3;4.438100723970038
1.308598859619627;3.024926728275607;1.445110109842979
1.711750896894143;3.061202025518075;3.077203371630397
4.493962252279486;0.9388933132563633;3.352752133264858
2.945290223576427;1.015162201587116;0.4685737115541921
2.25000000172097;2.232516848953259;0.5643429143073289
2.027565865796834;2.364387216169536;4.214126897499726
2.419670936315054;1.829536148692516;4.491547466623913
1.321361735322582;3.885786900320698;1.608724201645007
1.910553251102884;3.659726733879003;1.907944509175741
1.207388968865769;3.880267102204749;3.394858438825806
0.5189898818904415;4.482316933659428;3.154877635564184
3.311960146429584;1.995535712977109;0.5227811751234553
1.507224253661567;3.5;3.25
4.14349620082917;2.16455472113981;4.143136069607209
1.579185012313171;3.389346247530796;4.253501275050406
2.280532317483014;3.245080867142781;1.898267251974503
2.249999998149629;1.25;0.613401038893837
3.249999992598513;2.531464077235989;0.4943843353805926
2.570599885622922;2.36379354850537;4.217196717064146
4.394087671940424;3.642681300502169;2.52267033243717
1.70528665198865;1.45528665198865;2.538374228290749
2.27856936418425;3.306021420813712;3.943978579186288
4.203623298455947;4.205112179147946;1.353259965507886
4.488286686217906;1.121176142511774;2.25000000429344
1.746829212932363;2.756341570731539;2.1981939302744
1.062341315853221;4.233925798497008;1.917071993842995
1.962647442679359;1.295248161656498;3.030453294793289
3.156485086525217;4.467210246280957;0.533129005547087
1.75;2;0.516414890628627
3.408169646919882;4.360444886950676;1.518865924867778
3.880011531717871;1.634814243466423;0.4818222659336208
1.418973777752856;3.412052447396203;1.831026222247144
1.783727765509492;1.466272234490506;0.5120339758977872
4.437958481713022;2.027918209154705;3.570330552877821
0.8146509342123609;2.21240568652882;3.347466872211331
3.17517123464456;2.559820710011093;3.57482876535544
0.4768647781316501;2.198755899154031;3.802829238109817
3.71113007927721;1.25047373825078;3.588911995979732
1.486776872992962;2.220770188491556;3.158520494172591
3.16586136372772;4.481362101318684;2.784170741821024
3.816451167888482;0.5526328945605868;2.836807423422382
2.805858357920152;2.488178074069926;3.0118219230562
3.911502214062868;4.458358385841402;1.778630198500209
2.499436977094434;3.742242633401603;1.818483191854718
4.490948625838719;1.622023806425887;1.995535714197151
0.5375470556526762;1.8061434843349;2.205538089902221
1.569116248836546;4.487578111812727;1.963346099802927
2.215051078656614;2.200853895255548;2.89211919917259
3.781112668048986;0.49070479123073;0.7590968996221645
4.508221286489073;2.389360570530759;1.672684256692416
3.813294523843896;2.195287751175134;0.4977288689284055
0.5647780420644772;1.004536591800174;1.254536591800174
1.19981373920711;1.338833278734619;2.509405003415601
0.5625094046386804;2;1.25
3.601213442045511;0.4975340671507283;2.324700507667063
4.496696261066957;1.861061834574233;1.490205441651264
2.607822887167205;2.972528866082165;2.212104947353552
1.25;2;0.5643429151970225
1.228042069742904;4.498603196152119;2.782031161870443
4.385940969708242;4.458226562608807;0.8596159845766784
3.347814020930107;0.5351613500181635;4.468434827421787
4.503417458695056;2.247199747831291;2.372593249239746
2;2.42007686891324;1.25
4.4701486468771;4.468175678293558;1.870005007253942
4.393101524352824;2.485775721258087;2.951942146723442
2.524107009755635;0.5013209342037213;2.250000004293441
0.5953193047704879;0.9098177063223725;4.433212581114977
4.471293388480031;3.10738652577409;1.220313961306766
4.439714584083784;0.8652876542622584;4.439714584197322
4.409984349723834;0.5873532801746388;3.778514433616202
1.371039711424631;1.878960288575369;2.459450436615853
3.23094996925545;3.98094996925545;4.428663957968237
3.467802524346256;1.219066715176774;0.4921412693213479
0.5239170247175468;0.9102941162427698;3.043767225463356
2.076477317740947;3.889859912746157;4.511593987640805
4.492807821352503;1.226055073044043;1.524959548292264
2.663165255069903;0.4947692741444755;1.361799057354579
0.5140066425838887;4.316425884032826;2.049984681109657
3.059785001289806;0.5003377291405088;2.307569510745489
1.367992179295394;3.126691229746593;2.282398086710048
1.062748254672322;3.621139812818505;2.985688124629172
3.94477052400676;0.5557131371292265;4.444286862769438
1.16157274448558;2.156288004925881;4.53984697789181
2.474499640528782;1.792510247134346;3.824944521846076
0.648955420073366;2.052161849111195;4.557085301754887
2.211534835554847;3.65250608539675;0.7171363626998082
4.411720556820936;0.5882794431319018;0.7380818432970307
3.75;2.568341281487942;3
1.859996871656429;0.4979491254893206;4.502679215722801
4.49496100286503;3.936056644418311;2.921424341641927
1.961758809673428;3.689627519533247;3.587418588523417
2.559995029077758;3.165367172438897;3.584632827561103
2.268079612479537;0.5499786347926804;2.751777399233654
3.376930691484803;2.997988347160388;1.91818324750163
1.118598560718965;1.641695297002383;3.842546011790974
0.4947021886025609;3.777647992096705;1.222576246285058
0.9727250613879574;3.017827710273897;4.52912699303673
2.804712248799103;1.186705475408392;4.539771540065136
1.625;1.625;1.625
1.375;1.375;1.375
3.375;3.375;3.375
3.625;3.625;3.625
3.25;1.75;1.75
