1032;534;1134
1657;594;1894
1577;904;1783
1744;429;2288
981;563;1269
559;950;1901
1074;395;1326
396;1075;1327
462;925;1318
170;171;1291
1367;788;1379
163;4;1537
4;164;1537
932;588;1512
500;954;1940
615;1367;1379
1246;505;2221
684;1074;1326
1075;685;1327
652;1577;1783
950;559;1752
1787;407;1953
997;523;1655
967;771;1830
548;978;1194
922;1463;2128
1015;524;1149
1120;657;1539
258;10;1005
78;79;1004
261;260;1006
264;263;1007
890;1798;2096
505;1246;1972
998;404;1238
600;1203;1326
1204;601;1327
541;1052;1136
337;336;1051
569;984;1950
877;2221;2225
524;1015;1251
1203;684;1326
685;1204;1327
1157;540;1858
536;1117;1681
1291;171;1944
877;1305;2221
610;1058;1300
669;1176;1177
1063;820;1990
46;47;1060
1176;540;1177
507;1063;1990
117;1012;1562
1011;112;1563
540;1176;1858
928;508;2037
1121;530;1125
621;921;1813
713;1051;1687
668;1121;1125
1316;529;2597
330;968;1535
1051;517;1687
588;932;1555
1189;393;1425
1140;701;1810
272;271;1013
399;1019;1310
1019;688;1310
1098;553;1255
987;738;1872
427;987;1872
1071;385;2263
1261;1719;2233
227;1324;1975
1147;536;1681
701;1693;1810
688;1232;1310
1232;628;1310
666;1455;1583
965;553;2142
897;1071;2263
60;61;1016
1168;463;1216
227;226;1324
820;1089;1991
1152;461;1772
1189;969;2301
524;1251;1615
633;1234;1525
55;56;1020
253;252;1021
635;943;1320
925;462;2460
1188;385;1751
280;1257;1676
95;96;1022
374;1109;1909
1053;377;1405
968;766;1361
576;1060;1193
104;1198;2442
976;570;1852
1204;25;1356
204;1203;1355
871;1080;2235
1060;641;1193
570;976;1402
433;1096;1508
207;208;1025
21;22;1026
978;548;1515
483;968;1361
383;1042;1779
1289;94;1675
393;1189;2301
145;146;1036
661;1208;2066
956;705;1648
1189;1425;2055
921;621;2114
633;1525;1542
602;991;1626
1665;661;2066
2235;1080;2502
991;767;1626
1099;731;1395
1697;672;1866
1188;1751;2154
523;1050;1655
672;1376;1866
1881;408;2012
409;1873;1993
528;1040;2486
648;941;1588
940;649;1587
575;1932;2300
612;936;1616
1569;420;1724
341;1031;1458
1058;547;2074
1370;949;1913
1263;638;1357
711;1263;1357
637;1264;1358
1264;712;1358
627;979;1612
1287;384;1817
1044;1316;2597
132;932;2402
547;1062;2074
1380;583;1578
889;1287;1817
876;1199;1674
1163;665;1423
1235;899;2190
931;680;1492
508;928;1556
1087;397;1332
1290;9;1573
1232;89;1434
680;931;1689
965;491;1855
899;1235;2547
1062;547;1497
1607;947;1781
449;995;1236
1984;591;2186
524;951;1347
65;1392;1793
678;1228;1325
1048;386;1435
938;466;2185
937;611;1451
1089;521;1991
1194;406;1269
692;1087;1332
1228;570;1325
607;948;1377
991;602;1473
1199;535;1674
966;702;1878
1303;1827;2013
932;132;1555
1152;1772;2117
1463;590;2128
359;1362;1523
953;499;2212
1050;523;2444
1140;161;1971
705;1370;1913
394;972;1285
1855;491;2144
562;1093;1471
1146;634;1182
64;65;1793
1109;374;1800
952;669;2317
649;940;1784
972;394;1580
1111;461;1152
653;1111;1152
961;475;1330
941;648;1788
880;1787;1953
963;210;1925
19;964;1926
1306;409;1993
534;1032;2148
1083;63;1793
771;967;2112
408;1302;2012
703;1258;1942
466;938;1529
1247;2286;2390
572;1031;1218
939;615;1658
1370;366;1462
795;1370;1462
12;1293;1574
1330;2251;2542
1258;1620;1942
970;1219;2587
1040;1102;2486
1362;798;1523
742;1277;1393
1043;405;1710
1277;584;1393
1247;493;2286
9;284;1573
1036;146;1292
1261;744;1719
316;315;1070
1255;553;2057
1245;458;1861
1123;666;1583
936;612;1619
611;937;1618
488;1085;1803
950;137;1994
1330;475;2251
1085;826;1803
438;970;1331
563;981;2139
417;1014;1419
555;1014;2059
1065;558;1216
516;1036;1888
563;999;1269
1014;592;1419
615;939;1630
949;1370;2091
627;1289;1381
1289;730;1381
951;524;1615
419;1815;1879
158;159;1064
595;1187;1295
991;1473;2239
104;105;1198
357;1032;1380
161;162;1971
1348;682;1774
554;1100;1695
1766;877;1812
1032;583;1380
1861;458;2452
1307;419;1879
1184;642;1946
1453;461;1841
1120;1539;2176
1370;795;2091
1090;643;1472
412;1225;1492
943;704;2703
1251;759;1615
1036;516;1831
943;635;1654
1348;1774;1872
729;1036;1831
1385;523;2042
416;1090;1472
704;943;1796
1202;7;1538
1049;888;1409
1473;353;2239
532;1078;1190
654;1607;1781
1150;453;2024
267;11;1066
554;1235;2190
513;1259;2135
1492;1225;2060
514;1038;1272
1065;736;2338
276;12;1574
2363;393;2549
413;1067;1871
1067;765;1871
1621;1183;2261
281;280;1676
513;1086;2545
1086;966;2545
669;952;1937
1061;692;1805
613;1378;1650
1729;1192;2140
705;956;2076
1057;862;2271
948;607;1759
954;500;2532
1103;542;2174
772;1657;1894
498;989;1450
331;1535;1877
137;950;1752
1057;2271;2422
2240;1346;2562
1011;578;1278
67;68;1205
1372;614;1627
289;978;1515
1102;1040;2711
738;987;1391
420;1170;1724
207;1025;1339
1026;22;1340
850;1150;2024
499;953;2450
1003;527;2589
642;1522;1946
475;961;1923
1798;890;2445
393;1249;2549
297;296;1089
2271;503;2422
663;1252;2088
1151;539;1874
816;1151;1874
888;1049;2378
966;1878;2188
898;1592;1608
1592;646;1608
547;1150;1497
1038;580;1272
1058;610;2392
596;1024;2223
693;1192;1729
1303;748;1827
591;1274;1432
1274;732;1432
1042;383;1271
840;1420;1609
1420;469;1609
1224;946;2258
24;25;1204
204;205;1203
2054;1160;2098
998;478;1708
698;1433;1760
1716;663;2088
984;569;2157
813;1621;2261
631;1119;1520
1001;443;2370
1958;611;2100
810;1372;1627
1444;591;1984
702;966;2001
481;962;2216
1182;634;2519
927;1855;2144
1760;1433;2049
913;1458;2269
8;239;1131
583;1032;2213
864;1744;2288
542;1224;2258
1096;433;1706
725;1096;1706
1035;197;2018
472;1346;2240
583;1197;1262
1477;847;1561
345;989;1711
1012;649;1333
800;1335;1736
985;740;2013
1239;562;1471
613;977;2569
682;1030;1774
662;1477;1561
1197;623;1262
1511;1045;2343
962;481;1827
426;1160;2054
767;991;2064
1381;730;1556
1041;757;1416
28;1527;1624
294;1229;1437
1119;631;2333
481;985;2013
1048;826;2202
386;1048;2202
140;141;1141
441;1146;1182
405;1043;1897
999;563;1594
867;1453;1841
140;1141;1276
1259;513;2065
523;1385;2444
1794;902;2379
1198;934;2442
1159;852;1721
714;1159;1721
491;965;1875
674;986;2304
838;1222;1508
605;1480;1599
1480;855;1599
1222;433;1508
88;89;1232
963;694;1870
695;964;1869
1251;376;1550
1055;1794;2379
425;1592;2186
553;965;1855
493;2377;2403
93;94;1289
632;1283;1558
759;1251;1550
542;1103;1224
1195;445;1267
1122;605;1296
686;1122;1296
1243;347;1934
387;1490;2466
505;988;1814
865;1243;1934
337;1051;1985
1088;350;2139
968;330;2023
1206;109;2527
120;1207;2528
985;481;2275
574;2064;2239
809;1259;1526
1259;436;1526
1463;922;2354
694;963;2664
1910;1103;2174
967;1830;2422
1283;354;1284
659;1283;1284
605;1001;1973
995;449;1892
1113;783;1540
1113;1540;2166
1183;1030;2526
740;985;1964
529;1183;2526
690;995;1892
716;1131;1430
757;1017;1424
1017;753;1424
1365;870;2355
964;695;2369
1054;1365;2355
1165;559;1901
558;1065;1275
346;1139;1667
108;109;1206
120;121;1207
348;1559;2146
560;1161;2072
667;1461;1638
1891;859;2093
1163;1423;1898
969;619;2301
970;438;2521
2086;1153;2660
272;1013;1401
1041;544;1732
564;1201;2021
461;1453;1772
1343;569;1950
241;1217;2033
210;963;1870
964;19;1869
470;2088;2269
1275;1065;2338
619;969;1686
780;1221;1299
644;1008;1405
55;1020;1397
2393;577;2500
766;968;2023
7;230;1538
409;1125;1952
835;1153;2086
1525;632;1558
520;1511;2343
979;627;2476
1192;693;1485
981;1269;2441
969;1189;2691
67;1205;2010
417;1192;1485
383;1779;2352
800;1129;1335
1025;510;1832
511;1026;1833
1935;805;2553
988;505;1972
2075;425;2183
1013;271;1410
1175;368;1495
1080;871;1404
651;1043;1710
968;483;1904
1219;538;2587
687;1766;1812
1432;425;2186
1104;124;2344
1508;1096;2131
2017;584;2431
1118;400;1320
935;1935;2553
1362;535;1804
992;1796;2463
1021;252;1408
2107;1147;2133
1250;761;2106
641;1069;1696
63;64;1793
1878;10;2188
1381;1556;2257
987;427;2256
797;1419;1507
577;1250;2500
977;613;1637
560;2072;2120
1746;988;1972
423;1393;2016
1032;1532;2148
154;1316;2717
1309;652;1544
978;289;2281
709;1746;1972
1301;426;1374
403;1092;1465
1092;828;1465
1419;592;1507
390;1098;1255
691;1301;1374
773;1309;1544
811;1172;1895
1980;1046;2002
697;1166;1842
593;1003;1560
1517;423;2016
1638;1461;2238
552;1073;1955
1073;770;1955
553;1098;2638
1428;661;1665
536;1147;2107
1137;679;1474
640;1155;1682
300;1099;1560
425;1422;2183
851;1428;1665
479;1043;1677
1043;651;1677
2173;370;2364
1139;538;1667
1172;376;1895
486;2097;2395
1490;1039;2466
411;1372;1902
1015;2236;2373
986;674;2316
862;1629;1911
46;1060;1656
418;1046;1504
7;1202;1336
1202;634;1336
626;1449;1706
1046;607;1504
1059;1441;2458
1280;302;2566
407;1120;1953
1054;369;1365
592;1014;1425
559;1180;1752
2476;1240;2727
558;1168;1216
595;1295;1409
1216;463;2372
1017;1501;2273
1194;1269;2026
70;71;1116
687;1100;1273
989;498;1931
1250;2106;2463
564;1174;1860
1203;600;1355
601;1204;1356
1170;587;1342
621;1170;1342
989;345;1825
1219;970;1632
1324;226;1640
1131;239;1543
350;1164;2139
148;149;1122
649;1012;2209
1003;593;1533
1414;782;1472
902;1794;2132
643;1414;1472
527;1003;1533
1798;455;2096
954;1279;1940
242;241;2033
1078;532;2479
1218;400;2408
1028;612;2031
1169;586;1350
620;1169;1350
551;1256;1322
1135;543;2438
436;1259;1528
1259;745;1528
538;1160;1667
1457;1218;2408
2142;553;2638
1932;892;2300
1040;528;2253
774;1081;1328
1387;584;2017
1501;431;2273
1133;575;1244
1773;564;2021
1244;575;2300
1335;437;1736
1704;411;1902
1124;130;2402
1459;900;1835
1098;390;2624
1192;417;1419
569;1042;2157
683;1114;1271
995;690;2219
1441;585;2458
388;1009;2576
797;1192;1419
837;1255;2057
355;1119;1745
1119;726;1745
615;1034;2083
1081;396;1328
1215;537;1742
375;1459;1835
1010;768;1481
681;1019;1859
1201;564;1860
1501;1017;2246
1119;355;1520
790;1215;1742
555;2059;2336
2139;981;2632
1269;406;2441
872;1077;2349
1077;525;2349
783;1366;1540
1366;371;1540
1209;395;1893
429;1384;2288
245;244;1343
151;152;1403
457;2028;2627
1498;458;1749
1050;777;2174
570;1228;1852
554;1695;2716
459;1224;1713
690;1380;1578
443;1001;1599
840;1659;1917
1001;605;1599
1887;903;1909
1228;678;1690
493;1247;2377
1048;1435;1730
896;1498;1749
808;1082;2695
402;1240;2476
862;1057;1629
405;1418;1710
1418;852;1710
550;1236;1748
412;1049;1409
1559;348;2270
248;247;1151
116;117;1562
112;113;1563
1416;757;1424
373;1416;1424
264;1007;1961
2064;991;2239
1031;572;1458
730;1289;1675
1441;1059;2259
1089;296;2218
578;1011;1563
2380;589;2613
1536;1135;2438
404;998;2291
688;1047;2426
1032;1134;2213
190;191;1136
1026;511;2508
598;1501;2246
1071;897;2388
1141;566;1276
1097;565;1736
1009;388;1777
1006;260;1548
1007;263;1549
1019;399;1859
628;1232;1434
507;1046;1980
1739;2003;2710
370;1404;2364
1629;689;1911
523;997;1809
1025;208;1635
21;1026;1634
842;1108;1590
1101;788;1367
1036;1292;1888
1108;510;1590
151;1403;2294
2319;1417;2590
78;1004;1570
1004;79;1571
427;1183;1621
95;1022;1675
60;1016;1510
1015;1149;2236
1125;1838;1952
736;1065;1918
1065;347;1918
1014;417;2059
731;1980;2002
456;1417;2319
357;1631;1763
529;1316;2261
478;998;2696
397;1101;1367
443;1117;2370
124;125;2344
1172;746;1469
1027;600;2159
768;1010;1839
376;1172;1469
546;1431;1753
1169;419;1270
586;1169;1270
387;1230;1490
356;1385;1717
580;1038;1534
500;2235;2502
1096;725;1454
354;1159;1670
1159;714;1670
237;1279;2531
1020;56;1531
253;1021;1530
1280;1003;2589
788;1101;1988
1385;832;1717
808;1094;2181
486;1277;2097
1101;517;1988
1014;555;2055
1395;731;2002
495;1005;2203
734;1090;1364
91;92;1223
1003;1280;2566
349;1323;2113
421;1253;1544
1707;390;1943
589;1360;2613
662;1023;1797
1547;243;2033
1034;615;1630
325;324;1314
1139;777;1331
792;1128;1965
1090;416;1364
1715;729;2471
1453;824;1772
1069;641;2481
1027;611;1618
612;1028;1619
1128;348;1965
687;1518;1766
562;1239;1245
1358;712;2078
711;1357;2084
1032;357;1532
1093;562;2550
135;136;1180
1184;470;2269
1088;2139;2632
1387;905;2016
496;1006;2127
1052;617;1703
1766;1518;2136
1330;573;1879
1060;576;1656
1019;681;1912
1239;670;1245
451;1034;1630
1253;773;1544
226;225;1640
243;242;2033
447;1027;1618
1028;446;1619
1005;495;2164
1006;496;2163
1240;402;1350
1238;404;1342
1056;81;2194
1316;1044;2717
1084;437;2222
258;1005;1692
261;1006;1691
1017;757;2246
154;155;1316
952;1256;2607
717;1075;1997
1005;10;1878
1008;644;2404
1045;1511;2630
659;1146;1558
1146;441;1558
130;131;2402
1037;9;2563
2377;1029;2403
777;1139;1910
1109;718;1909
1139;346;1910
496;1004;2090
1505;457;2627
1075;717;2006
348;1128;2669
753;1017;2273
584;1387;2016
1268;719;1307
573;1268;1307
576;1193;1778
1719;373;2233
1004;496;2014
237;236;1279
1027;447;1581
446;1028;1582
349;2113;2578
1016;61;1613
472;1115;1346
1343;244;2292
830;1089;2218
2181;1094;2296
1739;464;2003
370;1080;1404
486;2305;2431
1651;711;2084
1887;996;2437
212;1;1789
1;17;1789
1354;1847;2109
712;1591;2078
1796;992;2731
522;1066;1843
600;1027;1581
1585;443;1599
855;1585;1599
1072;445;1620
1089;820;2082
645;1195;1267
1399;625;1569
611;1027;1633
1129;576;1335
1359;475;1923
868;1359;1923
657;1321;1323
328;327;1964
530;1121;1557
1612;979;2337
267;1066;1460
1378;702;1650
1118;530;1557
1321;581;1323
673;1398;1503
1398;764;1503
860;1226;1473
941;1206;2527
1207;940;2528
1132;257;1982
575;1133;1688
312;1023;2193
37;38;1196
1173;953;2212
1042;569;1779
327;1885;1964
1019;489;1939
688;1019;1939
1115;668;2327
1057;371;1629
1270;653;1329
1030;378;1617
352;1441;2259
1285;582;2341
2458;1383;2530
163;1537;1971
1229;293;2280
677;1835;2262
502;1013;1700
489;1019;1912
294;293;1229
986;1598;2161
1034;451;1606
583;1262;1578
807;1426;1753
1013;502;2165
1184;572;1457
1727;1209;1893
585;1383;2458
112;1011;2210
1012;117;2209
1226;353;1473
1458;572;2269
1053;527;1533
770;1073;1662
726;1119;1609
1119;840;1609
1022;96;1663
1229;616;1437
1020;503;1680
1038;514;2603
1314;324;1976
798;1362;1804
642;1184;1457
1070;315;2068
981;1162;2632
1540;771;2166
813;1439;1621
1439;749;1621
1678;527;2025
1008;1678;2025
587;1170;1319
2341;582;2379
9;1037;1645
342;341;1458
510;1025;2303
405;1278;1333
504;1021;1697
1162;525;2632
1030;1183;1774
122;123;1264
106;107;1263
1023;312;1797
1225;412;1657
1354;720;1847
678;1523;1690
1068;804;2232
593;1099;1395
303;302;1280
484;2086;2660
197;1035;1819
1082;1500;2695
556;1186;1373
145;1036;1863
814;1070;2068
1451;611;1958
613;1185;1637
1031;341;2231
1097;759;1550
1493;2110;2195
619;1033;1676
1033;619;1686
1168;558;1315
630;1044;2597
81;1056;1786
2253;974;2638
979;2476;2727
1390;596;2223
346;1667;1920
503;1020;1848
1021;504;1847
547;1058;2392
1187;594;1295
1110;531;2555
1037;679;1645
866;1317;1959
531;1112;2555
1317;448;1959
1842;1166;2267
1170;420;1319
1024;596;1806
1264;123;1741
1175;1495;2361
158;1064;1757
305;304;1414
544;1041;2061
1144;1768;2570
814;1068;2247
378;1030;1929
1030;682;1929
594;1365;1894
2236;452;2373
1330;1879;2412
1598;597;2161
1175;928;2037
552;1202;1538
626;1131;1543
1086;513;2394
41;1916;2102
162;163;1971
777;1050;2121
1053;1405;2025
1361;766;1595
444;1212;1810
1212;781;1810
1493;366;2110
1068;509;2247
737;1072;1506
757;1041;2302
1023;662;1826
1359;868;1889
1064;159;1546
705;1191;1648
1191;422;1648
579;1085;1808
1051;336;1622
12;1076;2742
1144;769;1768
1282;663;1485
1479;785;1501
1527;748;1624
693;1282;1485
598;1479;1501
607;1046;1759
316;1070;2044
1277;486;2431
998;1238;2696
832;1385;2042
91;1223;2465
898;1984;2186
483;1816;1928
966;1086;2001
1091;358;1610
660;1361;1595
1060;47;1593
1484;709;1649
827;1484;1649
1161;560;1906
1061;1805;2654
641;1060;1593
636;1091;1610
950;1994;2362
34;1579;1639
37;1196;1427
305;1414;1586
718;1887;1909
668;1125;2586
1483;2199;2376
1134;398;2213
1748;1236;2340
1382;699;1413
603;1382;1413
732;1422;1432
1422;425;1432
1452;859;2086
1682;1155;2079
509;1068;2232
1483;838;2199
1728;959;2118
1036;729;1863
1281;699;1382
415;1281;1382
1455;431;1583
461;1111;1841
1111;719;1841
910;1707;1943
908;1958;2100
415;1382;1683
716;1430;2429
395;1209;1633
648;1043;1788
1043;479;1788
449;1055;1625
679;1037;2541
1071;541;2365
1075;511;1833
510;1074;1832
1956;832;2042
685;1075;1833
1074;684;1832
1052;541;2038
1117;443;1681
700;1096;1454
1072;1620;2353
1044;630;1725
1458;913;2153
1906;560;2176
1221;383;1299
133;134;1231
363;1728;2118
1150;850;1497
1496;779;1644
356;1471;1521
1604;821;1740
412;1295;1657
755;1185;1368
1185;613;1368
1103;346;1743
1082;482;1500
83;84;1210
1620;624;2353
1498;2388;2452
1052;189;2583
377;1053;2047
278;1166;1907
1768;926;2570
522;1107;1597
1107;631;1597
617;1052;2038
1048;671;1679
1079;830;2298
1498;617;2388
1129;45;1656
1426;546;1753
574;2239;2711
299;1063;1636
804;1068;1930
1093;734;1471
466;1133;2185
189;1052;1703
1431;802;1753
1816;983;1928
1046;418;2002
734;1364;1521
650;1345;1488
869;1351;1353
1713;1224;2485
1103;1743;2485
810;1668;1902
1351;557;1353
830;1079;2309
1143;674;2304
1515;548;2655
2287;492;2356
669;1756;2317
1067;522;1597
425;2075;2312
527;1053;2025
1475;990;2556
1300;1058;1954
916;1442;2336
332;331;1877
687;1273;1518
1699;2245;2517
1743;676;2485
590;1421;2128
198;1998;2018
1055;449;2573
221;220;1200
331;330;1535
671;1048;1730
1777;640;2493
1389;799;2147
1915;703;1942
297;1089;2082
551;1105;2612
1043;648;1897
1046;507;1759
1051;713;1985
1364;650;1521
198;199;1998
70;1116;1468
858;1919;2062
1131;626;1430
1049;412;2605
581;1321;1490
1813;921;2403
1564;624;1584
1472;782;1678
1237;589;1589
1511;622;2630
765;1067;2283
1637;1185;2647
659;1284;1319
581;1230;1529
732;1421;1422
1421;590;1422
769;1144;1956
528;2486;2641
803;1115;2141
1047;688;1939
1197;398;1360
1144;440;1956
190;1136;2583
1093;455;1936
1112;381;2625
1273;485;1518
716;1272;1334
389;1463;2354
826;1048;2543
1659;399;1917
734;1093;1936
2613;1213;2716
1115;472;2141
1494;844;2270
787;1447;1572
1447;606;1572
977;1211;2397
881;1229;2280
1506;1072;2353
854;1506;2353
1444;934;2356
1068;314;1930
911;2240;2562
1389;2147;2198
1548;259;1692
1549;262;1691
1279;954;2531
1386;564;1773
822;1386;1773
1087;2051;2063
146;147;1292
947;1729;1781
487;1109;1668
1631;357;2619
795;1369;2091
369;1054;2382
1117;536;2490
1385;924;2444
1114;683;1762
724;1078;1960
1063;299;2514
414;1114;1762
1366;752;1567
371;1366;1567
63;1083;1905
1109;647;1668
1066;522;2180
2128;1421;2496
1352;410;2008
871;1352;2008
517;1051;1988
350;1088;1999
1961;1007;2192
1056;727;1786
1098;2253;2638
1494;1002;2103
1699;456;2245
1729;477;1781
780;1494;2103
187;188;1266
576;1129;1656
482;1082;1969
306;305;1586
1002;1494;2270
1237;5;1927
1082;733;1969
1889;868;2478
1113;599;1526
781;1212;1987
197;198;2018
1127;1631;2619
398;1197;2213
1349;754;2387
1256;875;1322
371;1057;1830
932;1512;2330
920;1715;2471
201;1623;1646
829;1201;1860
727;1056;2501
535;1362;2610
416;1345;1364
1284;587;1319
445;1072;2041
1771;713;2326
1796;351;2463
126;127;1312
956;1648;2394
1345;650;1364
453;1150;2468
692;1061;1957
1100;687;1812
640;1611;2493
708;1399;1569
432;1100;1812
387;1534;2242
587;1238;1342
1067;413;2311
492;1274;2356
541;1071;2038
1064;519;2581
1534;1038;2242
1205;779;1496
1305;877;1766
1375;392;1445
519;1064;1987
1377;528;2641
799;1462;1493
1462;366;1493
691;1375;1445
1916;944;2102
859;1554;2093
1238;714;2696
846;1094;2350
586;1240;1350
1089;830;2309
1196;608;1427
886;1291;1818
586;1270;1329
1371;375;1951
314;1068;2643
521;1089;2309
1063;507;1980
1114;539;2631
1231;588;1555
539;1151;2678
861;1371;1951
820;1063;2514
754;1880;2387
1732;428;2302
759;1084;1615
996;1887;2708
1411;265;1961
398;1213;2613
172;1186;1944
1272;580;1334
1286;793;1584
848;1456;2101
1154;806;2156
834;1260;2154
1179;821;1604
434;1286;1584
2047;1053;2244
1354;436;1528
720;1354;1528
1086;422;2001
817;1246;2221
672;1137;1474
1078;724;2299
1075;396;1997
1511;801;1575
1081;1992;1997
436;1113;1526
622;1511;1575
1256;551;2607
1435;892;1436
958;1915;1942
2051;746;2063
1070;814;2137
566;1435;1436
1794;491;2132
1449;725;1706
1346;1115;2327
295;294;1437
248;1151;2116
1246;428;1649
709;1246;1649
706;1076;1731
1575;801;1770
484;1452;2086
1076;12;1731
1144;596;1671
605;1122;2357
396;1327;2308
1099;593;1560
356;1239;1471
1116;533;2081
468;1400;1506
1368;613;1650
1096;700;2131
582;1127;1625
1400;737;1506
538;1139;2587
13;1282;2518
1081;512;1992
385;1071;1751
960;2613;2716
235;234;1265
1589;589;2745
1392;66;2010
677;1108;1835
347;1065;1934
1987;1212;2614
623;1197;2629
525;1077;1673
301;300;1560
106;1263;1846
974;2253;2560
511;1075;2006
614;1117;2490
18;19;1926
210;211;1925
492;2424;2522
1066;11;2178
1663;97;1705
793;1564;1584
1259;809;2135
2091;1369;2447
42;43;1241
1087;515;2051
1442;555;2336
743;2047;2244
422;1086;1648
848;2101;2259
760;1158;1551
398;1134;1672
381;1167;2625
1167;551;2612
1341;575;1688
1136;1052;2583
977;2397;2569
1471;734;1521
1092;403;2743
1456;848;2032
909;1223;2681
522;1067;1908
1068;814;2643
1294;562;1861
498;1450;2493
1142;424;1572
722;1352;1940
741;1083;1669
642;1118;1557
1229;881;1505
794;1179;1489
665;1163;2697
369;1813;2608
794;1489;1660
1077;872;2325
2251;919;2542
708;1569;1724
439;1496;1644
1823;1016;1924
506;1823;1924
1827;481;2013
2251;475;2448
1294;890;2096
735;1383;1384
400;1118;2408
1383;585;1384
1116;71;1791
661;1502;1749
1502;896;1749
246;1950;2400
475;1359;2448
477;1729;2140
1288;588;2494
1122;686;1775
1141;671;1730
566;1141;1730
576;1778;2756
631;1107;1659
1107;399;1659
1336;634;1337
625;1336;1337
998;1708;2291
1081;774;2177
2088;913;2269
266;265;1411
1329;653;2723
1073;552;2567
148;1122;1775
512;1081;2177
1256;952;2317
1041;1732;2302
594;1187;2007
1187;595;2008
1094;808;1802
1072;737;2041
462;1470;2460
1400;468;1524
1409;888;2364
629;1233;1443
463;1168;2730
1233;473;1443
736;1400;1524
1223;909;2465
1148;578;1563
578;1148;1562
769;1956;2042
810;1456;1668
706;1123;1583
358;1091;2197
1082;808;2181
565;1097;2323
773;1136;1966
389;1386;1463
1386;822;1463
49;2027;2481
807;1961;2192
2097;982;2395
1830;1057;2422
1074;510;1896
826;1085;2202
1378;613;2569
1631;789;1763
395;1074;1893
285;13;2518
1138;614;2490
2231;618;2670
1332;397;2322
703;1604;1740
408;1077;2104
1296;605;1973
1535;750;1877
415;1683;1876
2031;396;2308
1283;632;1396
354;1283;1396
696;1661;2225
494;1891;2093
865;1216;2372
66;67;2010
2027;1069;2481
1099;300;2255
724;1960;2207
384;1287;2492
1374;602;1375
1843;1066;2178
1085;579;2172
614;1138;1627
1472;1678;2509
1835;900;2262
1241;2040;2277
1094;846;2296
691;1374;1375
761;1407;1568
710;1933;2523
1407;401;1568
1234;403;1465
632;1234;1465
712;1264;1741
1176;381;1858
1324;760;1975
596;1144;2570
1084;759;2130
2052;1101;2063
257;256;1982
405;1333;1418
1333;649;1418
858;1518;2077
2040;800;2277
388;1155;1777
1117;614;2370
641;1593;2481
437;1084;2130
1339;1025;1832
1026;1340;1833
1076;706;2313
206;207;1339
22;23;1340
1145;662;2226
655;1083;1793
1489;678;1660
772;1225;1657
1513;710;2523
1179;359;1489
139;140;1276
841;1743;1920
1755;1288;2494
1811;688;2426
1151;816;2116
99;100;1684
521;1448;1991
1696;1069;2305
1448;887;1991
1029;1813;2403
1992;717;1997
551;1322;2552
1438;618;2231
2281;654;2409
1085;488;1808
587;1284;2592
369;1415;1813
1083;741;1905
1077;408;2241
2239;1102;2711
572;1218;1457
1947;86;2426
1242;723;1516
1122;149;2357
1091;636;2085
1095;411;1704
1274;492;2522
1123;706;2516
679;1137;2489
643;1090;1747
1158;609;1889
1197;1360;2629
1127;582;1631
1888;1095;2640
828;1092;2228
1231;134;1938
861;1951;2179
1244;386;2172
1080;370;2324
1287;889;2663
733;1082;2715
1100;432;1695
780;1299;2162
946;1224;2207
1430;626;1706
1994;849;2362
1450;1009;2493
1154;2156;2557
675;1135;2056
1300;388;2576
397;1087;2063
1127;690;1892
216;215;1363
972;1580;2627
1372;411;2249
1095;1888;2170
1171;547;2392
1428;185;1502
1199;876;2359
1083;655;2602
1199;866;1804
1474;679;1769
1186;556;1801
526;1887;2437
1223;1612;2681
715;1186;1801
1114;414;2472
935;1212;1935
1149;524;2734
666;1123;1903
413;1130;1978
1101;397;2063
875;1150;2434
437;1097;1736
100;1608;1684
1262;623;1466
1150;547;2434
396;1081;1997
815;1614;2173
1260;543;2154
1195;645;1674
1171;610;1825
2172;386;2202
957;2363;2549
1173;233;2484
1104;712;1741
124;1104;1741
1293;12;2742
708;2382;2668
1804;866;1959
338;337;1985
306;1586;2648
487;1456;2032
612;1328;2031
1579;754;1639
647;1109;1800
840;1119;2333
143;144;1715
391;2161;2646
192;193;1309
311;310;1477
469;1612;2337
1295;412;1409
362;1121;1807
1138;352;1627
2029;664;2271
597;1475;2556
1100;554;2190
1136;191;1966
2464;636;2633
515;1087;1957
655;1205;1496
1170;621;1724
1314;612;1616
648;2210;2604
1087;692;1957
1121;668;1807
1304;739;2524
1801;1287;2663
591;1444;2356
1146;659;1605
990;1475;2662
397;2083;2322
1116;1791;2067
2222;437;2747
1118;642;2408
1254;579;1808
1123;274;1903
731;1099;2255
1287;2201;2492
1120;407;2314
698;1162;1948
126;1312;2623
392;1375;2546
1367;615;2083
1047;1947;2426
381;1112;2289
1568;658;1701
384;1199;2359
1435;566;1730
1977;508;2229
1268;573;1545
759;1097;2130
1443;691;1445
1155;388;2572
1041;1416;2061
401;1407;1778
1213;398;1672
1366;783;2109
1174;1923;2722
629;1443;1445
1090;734;1936
286;285;1491
707;1514;2234
1097;437;2130
500;1449;2532
1596;512;2488
167;168;1313
187;1266;2415
1674;645;1734
625;1337;1569
633;2015;2149
1131;716;2405
463;1348;1647
1814;696;2225
876;1674;1734
531;1110;1795
697;1257;1907
50;2017;2027
1348;738;1647
1180;559;1962
758;1180;1962
1267;737;2122
1333;1278;2618
1108;842;2661
1543;954;2532
442;2181;2296
1124;680;2115
746;2052;2063
1923;961;2722
233;1173;1764
424;1376;1474
455;1093;2096
1376;672;1474
1092;1709;2228
411;1095;2170
831;1298;2032
1266;617;1498
1230;581;1490
1771;338;1985
832;1566;1717
1403;630;1585
1927;5;2116
855;1403;1585
710;1513;2132
1284;1670;2592
1406;606;2505
1298;487;2032
1136;773;2191
1566;670;1717
1352;722;2593
896;1266;1498
7;1336;1602
712;1104;2473
1178;228;1975
1126;654;1781
1112;531;2381
432;1487;1695
1655;1050;2174
414;1262;1466
279;278;1907
510;1108;1896
568;1290;1573
617;1266;1703
131;132;2402
1267;445;2041
1431;546;2329
2161;391;2304
1318;571;2513
739;1989;2524
886;1818;2385
1293;567;1574
352;1138;2410
2126;497;2192
1107;522;1843
1286;434;1712
1133;466;1688
1113;436;2248
1128;792;1733
1271;1114;2631
616;1229;1505
377;1219;1632
1224;459;2207
1137;672;1949
1362;958;2610
1709;1092;2743
372;1575;1770
1135;675;1836
346;1103;1910
1950;984;2400
165;166;1412
604;1943;2555
399;1107;1859
624;1258;1584
543;1135;1836
440;1144;1671
137;138;1994
1294;2096;2550
1180;136;1752
2221;505;2225
1736;565;2277
668;1115;1807
1867;707;2234
1911;423;2029
31;1429;1499
1108;677;1896
636;1500;2633
1641;618;1642
1512;501;2330
1923;1174;2417
1154;407;2208
133;1231;1555
806;1154;2208
762;1548;1692
763;1549;1691
657;1120;2314
27;28;1624
201;202;1623
861;1601;1790
847;1260;1561
1509;526;2070
1559;837;2146
334;1379;2386
1375;1626;2546
873;1641;1642
854;1519;2652
1519;1682;2652
917;1509;2070
753;1455;2599
1208;670;2066
2125;181;2223
517;1101;2052
1125;409;2586
1601;695;1790
783;1113;2248
1139;1331;2587
551;1167;2607
1940;1352;2235
250;1137;1949
359;1179;1604
719;1111;1883
1167;381;2611
219;1484;2019
430;1325;1481
1105;551;2552
1260;421;1561
1466;816;1874
988;1363;1814
1722;1406;2505
411;1973;2249
2003;929;2710
1518;485;2077
1125;530;1838
1686;969;2141
445;1195;2744
1402;1010;2574
9;1290;2563
664;1680;2271
274;1123;2516
1257;619;1676
1592;425;2312
1150;875;2468
774;1314;1976
2460;1575;2725
718;1109;2080
1782;985;2275
654;1126;1834
539;1114;1874
622;1575;2460
1403;152;1725
1022;1977;2229
758;1231;1938
1234;632;1525
25;26;1356
203;204;1355
1497;850;2072
1643;656;1672
1191;533;2067
1109;487;2080
947;1607;2596
516;1888;2640
807;1411;1961
1160;756;1667
883;1737;1931
721;1242;1516
1111;653;2000
219;218;1484
1455;1664;2599
511;1790;2508
1134;534;2507
624;1564;2353
1147;1681;2475
608;1196;2740
680;1124;1882
1379;334;1658
1875;710;2132
1115;803;2105
600;1326;2159
1681;825;2475
2161;1106;2646
1402;976;2534
671;1141;2184
599;1113;2166
1638;1352;2593
1564;2328;2353
1399;499;2450
648;1588;2210
1587;649;2209
745;1311;1528
1311;720;1528
1960;1078;2477
2326;1642;2622
842;1590;1767
629;1445;2260
1601;861;2179
698;1126;2671
1582;1028;2308
589;1237;2629
1121;362;2491
390;1707;2624
629;2260;2264
2385;1318;2513
533;1116;2067
2350;1094;2665
570;1402;2574
228;1178;2279
1590;694;1767
1895;1015;2373
811;1895;2373
1366;2109;2577
469;1420;2168
1607;654;2281
1643;1672;2507
601;1582;2308
1541;633;1542
770;1541;1542
661;1428;1502
552;1182;2519
690;1127;2619
704;1838;2703
161;1140;1900
130;1124;2115
667;1173;2212
619;1249;2301
54;55;1397
1371;717;1459
586;1329;2506
530;1118;2039
375;1371;1459
1190;1078;2299
990;1515;2655
1628;901;1798
171;172;1944
657;1154;2557
653;1152;2551
675;1628;1798
273;272;1401
1129;800;2693
747;1304;2524
512;1596;2538
791;1663;1705
592;1425;1754
933;1478;2585
894;1771;2326
1960;946;2207
323;1181;1976
378;1315;2537
335;334;2386
1711;989;2579
627;1381;2476
1126;698;1948
340;339;1438
662;1145;1826
472;1686;2141
1403;855;2294
1130;413;1871
1943;1110;2555
1661;432;1812
635;1347;1654
696;1718;1968
637;1207;1828
1206;638;1829
45;1129;2693
1931;1737;2579
715;1291;1944
1426;497;2351
877;1661;1812
1765;815;2173
790;2054;2098
1522;642;2491
1266;896;2415
2371;658;2620
317;316;2044
1145;465;1826
51;52;1387
781;1140;1810
465;1145;1783
1791;755;2067
290;289;1515
1978;1130;2584
659;1319;1605
915;1906;2176
1840;6;1945
1525;441;1542
627;1223;1963
216;1363;2700
1466;1874;2472
1162;981;2441
1977;791;2436
1159;354;1758
434;1258;1740
1429;660;1499
642;1557;2491
1151;247;2400
1137;250;2489
182;183;1390
1180;758;1938
736;1524;1723
135;1180;1938
1258;703;1740
1294;1861;2263
1412;836;1693
701;1412;1693
252;251;1408
540;1157;2421
1202;552;2519
1049;1882;2378
520;1482;1511
1034;1606;2322
1223;627;1612
837;1559;1795
1200;220;2019
1260;834;2406
1509;903;1887
791;1576;2436
1482;801;1511
2107;864;2145
1345;644;1488
1623;747;1646
81;82;2194
689;1142;2718
1732;544;2290
1263;711;1846
934;1444;2442
1559;531;1795
271;270;1410
657;1323;1539
1155;640;1777
1323;349;1539
1211;76;2167
1310;628;1917
754;1579;1880
319;318;1451
5;1237;1589
1606;608;2322
1579;863;1880
1191;2067;2220
879;1341;1688
1226;818;2158
821;1179;2461
645;1243;1734
353;1226;2158
1164;350;2020
1448;710;1868
669;1177;1787
1420;840;1917
401;1193;1750
796;2107;2133
45;46;1656
1177;407;1787
1154;657;2314
839;1343;2292
176;177;1402
1311;745;2615
634;1146;2407
185;186;1502
8;1131;2405
1163;567;2697
430;1190;2299
449;1236;1733
2471;460;2512
400;1218;1641
1140;781;1900
674;1143;2148
1718;918;1968
541;1136;2191
152;153;1725
1278;578;2618
1258;434;1584
1738;565;2323
143;1715;2674
460;1679;2512
2069;804;2193
692;1196;1805
650;1488;2036
1404;871;2580
257;1132;2188
1262;414;1578
745;1132;1982
644;1405;1632
1412;166;2143
325;1314;1616
1156;768;2462
1344;630;2597
945;2017;2431
1662;1073;2483
1024;2125;2223
1246;709;1972
852;1159;2487
1158;760;2374
829;1860;2367
231;7;1602
180;1156;2462
1196;38;1805
567;1163;2729
1512;815;1765
501;1512;1765
2286;895;2390
1132;745;2065
1173;667;1764
1283;659;1558
1160;426;2366
439;1644;2091
1644;949;2091
1495;620;2361
582;1625;2379
1166;278;2252
524;1347;2734
638;1709;2743
406;1194;1834
1440;2099;2232
1155;735;2079
1824;982;2428
2017;945;2027
701;1140;1971
1399;708;2668
1666;858;2062
1490;1321;2498
953;1173;2484
1142;689;2358
1360;589;2629
1248;502;1700
673;1248;1700
560;1953;2176
1743;346;1920
1198;105;1846
1953;1120;2176
2108;1476;2247
784;1476;2108
1227;358;2197
31;32;1429
1141;141;2184
184;185;1428
424;1142;2011
744;1978;2584
1234;633;2149
615;1379;1658
473;1233;2058
2324;725;2502
1514;408;1881
868;1923;2417
776;1819;2099
1466;623;1927
1007;2126;2192
1233;793;2058
833;1514;1881
1065;1216;1934
392;1338;1737
768;1156;2150
1819;1035;2099
1633;1209;2100
36;37;1427
1079;1580;2523
407;1154;2314
1440;776;2099
1668;647;1902
1219;790;2098
1566;832;1956
538;1219;2098
1580;394;2523
89;90;1434
1572;606;2718
982;1824;2371
1258;624;1620
1142;1572;2718
761;1568;1701
954;1543;2531
1319;420;1605
334;333;1658
156;157;1439
1813;1029;2608
1751;834;2154
446;1582;1845
1581;447;1844
856;1581;1844
1582;857;1845
652;1309;1577
1207;637;1708
638;1206;1709
345;1171;1825
609;1359;1889
345;1322;2339
1416;824;2061
419;1169;1815
1693;444;1810
525;1162;2349
681;1843;2178
1226;860;2714
635;1320;2046
638;1263;1829
1264;637;1828
1181;323;2276
670;1208;2675
1606;451;1880
1672;656;2748
380;1960;2477
1214;355;2723
1183;427;1774
385;1188;2575
746;1172;2052
1213;1672;2748
531;1559;1864
519;1987;2614
904;1577;2416
1600;434;1740
1414;643;1586
420;1337;2407
1309;193;1577
1559;844;1864
403;1357;2743
1480;605;2357
471;1163;1898
821;1600;1740
1193;641;1750
1203;205;1821
24;1204;1822
863;1606;1880
1886;317;2044
1239;356;1717
747;1623;1844
1624;748;1845
1595;481;2216
1191;705;1913
533;1191;1913
1241;43;2040
1623;856;1844
857;1624;1845
30;31;1499
1185;755;2626
786;1881;2012
1478;933;2704
454;1165;1901
670;1239;1717
1363;988;2700
569;1388;1779
469;2168;2681
102;103;1444
125;126;2623
1919;490;2062
1169;620;2456
1166;697;1907
88;1232;1811
448;1228;1690
1289;627;1963
610;1171;2392
1230;387;2242
823;1230;2242
1337;420;1569
1350;402;2129
452;1642;2326
628;1420;1917
959;1728;2264
737;1400;2122
549;1209;1727
621;1342;2114
458;1208;1749
58;1242;2224
1176;669;1937
735;1155;2572
1153;835;2272
559;1165;2536
1243;645;1780
1193;401;1778
1329;1745;2506
1208;661;1749
1174;564;2417
1636;1063;1980
731;1636;1980
620;1350;2129
28;29;1527
951;2393;2500
1580;1079;2298
192;1309;1966
1242;58;2187
554;2716;2748
552;1538;2567
1070;1989;2044
1219;377;2679
595;1409;2364
1708;637;2291
2015;942;2149
382;1497;2072
1215;790;2679
69;70;1468
268;267;1460
1484;827;2019
1227;806;2182
1989;739;2044
1162;698;2499
1478;580;1534
1395;418;2389
790;1219;2679
766;1782;2275
497;1426;2192
1873;778;1993
1252;344;2529
1489;359;1523
540;1227;2182
1156;180;2125
917;1254;2684
1342;404;2114
1158;1889;2354
1889;389;2354
336;335;1622
1227;540;2421
1218;1031;2670
869;1227;2421
940;1207;2658
1206;941;2657
1188;543;1836
233;232;2484
441;1525;1558
1625;1055;2379
1097;1550;2323
438;1488;2521
34;35;1579
1160;538;2098
684;1203;1821
1204;685;1822
1165;454;2282
2133;378;2537
1882;501;2378
609;1324;1640
1854;939;1877
609;1158;2374
1756;669;1787
1648;1086;2394
880;1756;1787
2417;1386;2478
750;1854;1877
1171;345;2339
434;1600;1712
2716;1213;2748
798;1804;1959
1221;550;1748
1023;2069;2193
756;1160;2366
816;1466;1927
960;2380;2613
658;1568;2620
2344;125;2623
59;60;1510
951;1615;2393
1358;404;2291
1209;549;2645
1163;471;2243
1970;747;2524
1709;479;2228
658;1452;1701
1468;1116;2081
1655;542;2258
1778;1407;2459
1336;625;1602
997;1655;2258
893;2282;2467
1390;2214;2443
550;1221;2103
1235;554;2748
936;1849;1885
1850;937;1886
1221;780;2103
678;1325;1660
383;1221;2250
447;1304;1844
1303;446;1845
1325;430;1660
1849;740;1885
739;1850;1886
594;2007;2588
54;1397;1565
1888;686;2170
735;1384;1723
535;1199;1804
1450;610;2576
825;1344;1617
645;1267;1780
368;1175;2367
1470;889;1817
1009;1450;2576
653;2551;2723
1253;834;2365
1384;429;1723
56;57;1531
254;253;1530
1309;773;1966
973;1478;1534
381;1176;1937
1780;1267;2122
108;1206;1829
1207;121;1828
1315;558;2537
791;1705;2003
1705;929;2003
1251;1015;1895
1268;6;1840
719;1268;1840
1304;747;1844
748;1303;1845
1322;875;2339
928;1175;2361
292;291;1475
260;259;1548
263;262;1549
83;1210;2439
1172;811;2737
884;1431;2329
2075;906;2312
1208;458;2675
633;1541;2015
1899;650;2036
785;1479;1666
1479;364;1666
1195;1674;2610
85;1947;1996
1265;234;1764
1233;629;1728
1979;879;2227
1211;728;2397
1287;556;2201
2268;1427;2510
1751;1071;2365
1712;676;1743
77;78;1570
79;80;1571
388;1300;2530
365;1447;1554
621;1415;1724
1300;930;2530
1186;172;2446
610;1450;1825
1744;864;2107
2143;1313;2383
841;1712;1743
1954;1058;2074
235;1265;1856
1265;722;1856
2156;518;2557
1397;664;1565
1205;655;2010
864;1441;2410
476;1954;2074
33;34;1639
2008;595;2580
1295;594;1657
547;1171;2434
1378;495;2203
1196;692;2740
1312;561;2390
895;1312;2390
1179;794;2022
1201;829;2559
836;1412;2143
421;1544;2226
367;1541;1662
1541;770;1662
760;1178;1975
1178;760;2215
1707;1040;2624
1252;663;1862
2059;914;2336
1767;694;2664
159;160;1546
350;1235;2020
1284;354;1670
1182;552;1955
470;1184;1946
1290;568;1993
1186;715;1944
1695;1487;2380
2551;1214;2723
778;1290;1993
1266;188;1703
1373;173;2321
195;196;1694
1181;774;1976
1477;662;1797
1933;521;2309
2382;1054;2668
567;1293;2012
61;62;1613
1293;786;2012
745;1982;2615
556;1317;2201
750;1349;2387
2424;1018;2522
2305;945;2431
1297;321;2414
441;1182;2423
626;1543;2532
1118;1320;2039
1303;740;1849
739;1304;1850
1205;68;1922
1496;439;2602
410;1352;1638
1491;285;2518
344;1252;1862
678;1489;1523
1529;1230;2004
634;1202;2519
1434;909;2168
1194;978;2409
644;1345;2404
1588;941;2527
940;1587;2528
1547;733;1761
839;1547;1761
446;1303;1849
1304;447;1850
866;1199;2492
1199;384;2492
1580;616;2627
1735;379;2142
1316;813;2261
1375;602;1626
1447;787;1554
640;1519;2118
1694;196;1819
844;1559;2270
974;1735;2142
1442;362;2105
564;1386;2417
132;133;1555
1212;935;2614
96;97;1663
259;258;1692
262;261;1691
1187;410;2007
410;1187;2008
888;2173;2364
136;137;1752
1177;540;2182
407;1177;2208
371;1567;1629
662;1561;2226
1600;821;1713
1477;310;2360
1450;989;1825
834;1253;2406
1311;255;2346
1847;504;2109
1385;356;1899
572;1184;2269
823;1979;2227
779;1205;1922
347;1243;1780
824;1416;2030
1416;373;2030
1270;419;2000
841;1286;1712
996;1298;1983
1901;950;2362
704;1796;2731
1079;1933;2309
1539;915;2176
728;1211;2167
674;1603;2316
213;5;1589
1232;688;1811
1728;629;2264
483;1361;1816
458;1245;2675
1183;529;2261
1133;1244;2746
167;1313;2143
700;1454;1614
774;1181;2177
498;1611;2266
897;1861;2452
1454;370;1614
867;1840;1945
1611;959;2266
221;1200;1945
1228;448;1852
1727;677;2262
1159;1758;2487
303;1280;2035
422;1368;1650
1552;762;1652
1553;763;1653
728;1552;1652
727;1553;1653
1446;805;1935
667;1265;1764
444;1446;1935
355;1329;2723
752;1366;2577
417;1995;2059
362;1442;2741
1758;651;2487
144;145;1863
1932;893;2467
1280;782;2035
1646;747;1970
663;1282;1862
326;325;1616
1080;2324;2502
1645;679;2489
423;1517;2029
1695;960;2716
1000;1646;1970
1212;444;1935
1377;948;1735
548;1194;2026
1273;1100;2190
2226;1544;2635
543;1188;2154
987;1785;2123
1216;865;1934
1785;519;2123
1200;2019;2290
1649;428;1732
670;1566;2066
1322;891;2552
644;1632;2521
1190;430;2347
986;2161;2304
1308;11;2089
802;1308;2089
1405;377;1632
80;81;1786
422;1191;2220
875;1256;2468
1250;577;2732
1846;711;2609
1198;1846;2609
1321;657;2557
240;1857;2152
1256;453;2468
1255;837;1795
745;1259;2065
62;63;1905
1611;640;2118
1605;420;2407
439;1669;2602
974;2142;2638
532;1190;2150
2439;1210;2548
1675;1022;2229
1742;860;2054
2072;850;2120
2092;435;2112
76;1211;2315
1411;807;1753
1246;817;1941
428;1246;1941
1475;291;2662
955;1662;2483
1220;418;2594
534;2148;2307
292;1475;2280
239;238;1543
53;54;1565
738;1391;1770
1391;372;1770
1062;1497;2705
1835;1108;2661
1201;464;2021
733;1217;1969
1497;382;2705
879;1688;2227
639;1338;1699
1439;157;1757
1192;797;2140
562;1245;1861
200;201;1646
228;227;1975
686;1292;1775
874;2439;2548
874;1426;2351
453;1256;2317
189;190;2583
1292;147;1775
1338;767;2334
749;1439;1757
557;2350;2665
415;1288;1755
464;1201;2559
2148;1143;2307
1210;84;1996
1532;357;1763
818;1226;2293
863;2268;2510
1487;432;1968
1226;537;2293
1393;423;1722
1720;350;1999
1223;92;1963
1436;2362;2419
1197;583;2213
857;1356;2284
1355;856;2285
905;1387;2449
1242;721;2224
541;1253;2365
973;1534;2466
567;1302;2697
1784;940;2658
723;1242;2187
578;1562;2618
934;1198;2287
1230;823;2004
2028;972;2627
1401;666;1903
1263;107;1829
122;1264;1828
1356;26;2284
203;1355;2285
2214;851;2443
1249;619;2685
1245;670;2675
1907;1257;2649
1227;869;2544
565;1738;2694
628;1434;2168
433;1222;2429
234;233;1764
716;1222;2237
1435;386;2300
862;1911;2029
1301;691;2124
694;1635;1870
1634;695;1869
1341;879;2376
743;1220;2048
892;1435;2300
358;1227;2544
390;1255;2738
360;1341;2376
620;2129;2361
423;1406;1722
330;16;2023
150;1480;2357
1224;1103;2485
1220;537;2048
1382;603;1683
2369;467;2759
697;1249;2685
1217;733;2033
1254;917;2707
537;1215;2048
623;1237;1927
1237;623;2629
1837;1395;2389
376;1251;1895
409;1306;2586
1302;408;2104
1392;655;1793
1236;550;2628
1694;776;1981
1681;443;2217
904;1694;1981
1278;405;1897
1010;1402;2749
42;1241;1916
2640;1095;2701
193;194;1577
1222;716;2429
364;1305;1766
1423;665;2045
2626;73;2647
2054;860;2702
1338;639;1737
924;1899;2036
1329;355;1745
1067;1597;2283
418;1220;2389
1397;1020;1680
1509;917;2684
764;1460;2180
1220;743;2389
1735;948;2254
173;174;2321
1349;750;1904
1217;933;2585
93;1289;1963
47;48;1593
110;111;1588
118;119;1587
556;1287;1801
1734;1243;2368
1241;565;2694
639;1711;2579
909;1434;2465
1257;697;2685
736;1723;2338
1013;1410;1700
1410;673;1700
2401;997;2606
2280;1475;2474
1715;144;1863
664;1397;1680
742;1853;2428
1306;568;2327
1211;977;2315
933;1217;2152
683;1271;2250
483;1349;1904
1674;535;2610
1217;241;2152
1279;236;1856
934;2287;2356
1534;387;2466
700;1683;2131
672;1408;1949
97;98;1705
619;1257;2685
1882;1049;2605
1408;672;1697
1021;1408;1697
1238;587;2592
579;1254;2699
100;101;2644
2145;864;2410
1815;751;1879
2688;682;2730
660;1429;1816
149;150;2357
1461;667;2212
801;1647;1770
355;1214;2297
714;1238;2592
2067;755;2220
537;1226;2714
1783;1145;2635
652;1783;2635
1291;715;1818
1222;838;2342
1429;983;1816
1225;561;2060
1349;483;1928
2097;742;2428
1390;183;2214
1305;364;2205
1235;350;2547
817;1305;2205
313;312;2193
289;288;2281
1339;684;1821
685;1340;1822
307;306;2648
288;287;1607
320;319;1958
588;1231;2494
365;1824;2428
722;1279;1856
923;1596;2488
1313;168;1799
754;1349;1928
1282;13;1862
537;1220;2293
300;14;2255
1448;1868;2673
1164;2274;2320
1387;52;2449
744;1248;1978
1299;557;2162
1628;675;2056
1550;907;2323
356;1521;1899
76;77;2167
1455;666;1664
229;228;2279
514;1272;2237
794;1660;1702
1562;1012;2618
6;1268;2735
1858;845;2533
1660;430;1702
1400;1918;2122
467;2043;2759
1478;482;2585
930;1300;1954
1157;1858;2533
606;1447;2505
844;1494;2171
1307;719;1883
419;1307;1883
1322;345;2659
1456;487;1668
742;1393;1722
1225;772;2348
11;1308;2178
985;1782;2637
675;1798;2445
1608;100;2644
1402;177;2749
568;1346;2327
793;1233;2073
1398;269;2119
249;9;1645
571;1313;2513
1331;777;2121
2015;1541;2413
706;1731;2516
489;1431;2310
1431;884;2310
953;1602;2450
1565;905;2449
372;1391;2553
502;1248;2558
1398;673;2503
713;1687;1726
682;1348;2730
642;1457;2408
561;1225;2348
1391;935;2553
14;299;1636
806;1227;2197
1282;693;2518
1253;421;2406
1483;879;1979
556;1373;2398
1479;598;2332
1288;415;1876
1610;358;1802
184;1428;2214
1453;544;2061
824;1453;2061
808;1610;1802
836;2143;2383
1315;378;1929
1296;411;2170
1188;2445;2575
196;197;1819
176;1402;2534
1687;811;1726
433;1430;1706
139;1276;2375
2274;819;2320
1428;851;2214
630;1403;1725
1533;593;2244
1739;906;2021
464;1739;2021
1091;2085;2156
2085;518;2156
1439;813;2034
1257;280;2649
20;21;1634
208;209;1635
1231;758;2494
673;1410;2503
156;1439;2034
1276;566;2419
1887;718;2708
245;1343;1950
1269;999;2026
1240;586;2506
168;169;1799
1248;744;2558
1598;986;2316
1628;307;2648
2525;1509;2684
1292;686;1888
422;1650;2001
1615;1084;2393
1175;2037;2367
2037;829;2367
344;343;2529
1415;708;1724
1754;1425;2363
299;298;2514
978;2281;2409
1281;559;2536
358;1353;1802
1265;667;2593
1391;987;2123
870;1365;2588
1436;454;2362
468;1682;2079
1552;496;2127
1553;497;2126
6;221;1945
684;1339;1832
1340;685;1833
1276;849;2375
206;1339;1821
1340;23;1822
402;1381;2257
1334;580;2704
36;1427;2268
1452;484;1701
1824;658;2371
1369;741;2447
1567;689;1629
392;1737;2260
1551;1158;2354
403;1234;2149
1858;381;2289
321;320;2414
598;1467;2332
41;42;1916
432;1661;1968
653;1270;2000
379;1735;2254
1667;756;1920
1546;160;1900
692;1332;2740
2085;636;2464
573;1307;1879
1607;287;2596
1714;841;1920
465;1783;1981
729;1792;2471
1031;2231;2670
1594;563;2320
341;340;2231
1838;704;1952
15;314;2643
1503;764;2311
1947;884;1996
1279;722;1940
815;1288;2453
1604;703;1915
1857;933;2152
761;1250;2732
57;58;2224
1042;1271;2631
1535;968;1904
1321;518;2498
1363;696;1814
504;1697;1866
412;1492;2605
360;1413;1776
737;1267;2041
1523;798;1690
354;1396;1758
983;1429;2709
1641;873;2046
1252;913;2088
689;1406;1911
8;1334;1857
1783;904;1981
400;1641;2046
1361;660;1816
1434;90;2465
486;1696;2305
1464;679;2541
958;1362;1915
324;323;1976
1388;846;1779
1362;359;1915
1248;673;2451
720;1311;2346
1451;318;2616
753;1261;2233
255;254;2346
2486;993;2641
963;1925;2043
1389;723;1823
506;1389;1823
1272;716;2237
1925;775;2043
1236;995;2340
1625;1127;1892
269;1398;2503
559;1281;1962
1297;908;2645
485;1273;2680
58;59;2187
1429;32;2709
1200;2290;2295
417;1485;1995
910;2319;2590
802;1411;1753
725;1449;2502
1454;725;2324
549;1297;2645
429;1275;2338
1260;847;2438
681;1308;1912
677;1893;1896
1261;753;2599
890;1294;2575
1374;426;2702
899;1720;1867
543;1260;2438
399;1310;1917
744;1261;2558
565;1241;2277
474;1551;2306
1551;922;2306
2290;544;2295
713;1726;2326
1893;1074;1896
1243;865;2368
722;1265;2593
1871;765;2009
1294;385;2575
967;2092;2112
947;1491;1729
1249;393;2301
1253;541;2191
1491;693;1729
1608;646;1684
696;1363;2752
240;8;1857
1468;779;1922
69;1468;1922
386;1244;2300
773;1253;2191
19;20;1869
209;210;1870
907;1738;2323
1444;103;2442
1249;697;2549
913;1252;2529
1438;339;2497
1590;510;2303
1185;2626;2647
860;1473;2211
2210;1011;2604
1473;602;2211
1025;1635;2303
1288;815;2760
558;2087;2537
174;175;1884
502;1261;2599
738;1348;1872
1806;532;2692
1834;1126;1948
1484;218;1746
188;189;1703
561;2348;2390
1644;779;2081
1261;502;2558
418;1395;2002
406;1834;1948
695;1601;2369
2348;1247;2390
1519;640;1682
935;1391;2123
87;88;1811
1632;970;2521
1494;450;2171
310;309;2360
1571;80;1786
1413;699;1776
988;1746;2700
1665;440;1671
1369;506;1924
741;1369;1924
309;1536;2360
1521;650;1899
720;1530;1847
1530;1021;1847
1531;721;1848
1020;1531;1848
424;1474;1769
1488;438;2036
1721;478;2696
1380;690;2619
94;95;1675
450;1351;2418
849;1276;2419
851;1665;1671
84;85;1996
170;1291;2230
691;1443;2124
1351;869;2418
411;1296;1973
1418;649;1784
1126;1781;2671
247;246;2400
666;1401;2165
2445;890;2575
724;1698;1702
1698;794;1702
50;51;2017
1545;573;2542
1085;2172;2202
803;1442;2105
1602;625;2450
1406;689;2718
101;102;1984
655;1392;2010
882;1719;2584
1016;1613;1924
1613;741;1924
1516;723;2198
1254;1808;2684
569;1343;2331
1298;831;1983
1343;839;2331
105;106;1846
545;2009;2551
2009;1214;2551
1285;972;2739
2018;784;2108
1510;1016;1823
723;1510;1823
1325;570;2574
1035;2018;2108
1478;973;2633
1839;1010;2749
520;1734;2368
1376;752;1866
853;1792;1831
482;1478;2633
1286;841;2634
846;1388;2296
936;1619;1849
1618;937;1850
1792;729;1831
274;273;1903
1388;442;2296
1854;750;2387
128;129;2728
1995;914;2059
2252;912;2267
1365;369;1894
1640;994;2448
609;1640;2448
786;1293;2742
593;1395;1837
1370;705;2076
1505;881;2689
1464;787;2698
438;1331;2121
1774;427;1872
251;250;1949
1781;477;2671
1619;446;1849
447;1618;1850
1372;810;1902
1440;804;2069
813;1316;2034
740;1303;2013
782;1280;2589
1415;621;1813
1840;867;1841
558;1275;2087
719;1840;1841
894;2326;2622
568;1306;1993
1316;155;2034
1166;2252;2267
585;1441;2288
822;2075;2183
776;1694;1819
716;1334;2405
1639;754;1928
218;217;1746
1426;807;2192
793;1286;2058
1441;864;2288
1698;724;2207
487;1298;2080
709;1484;1746
983;1639;1928
1866;752;2577
674;1532;1763
465;1440;2069
1277;742;2097
732;1274;2522
568;1573;2562
679;1464;1769
1620;445;1942
1302;567;2012
421;1260;2406
2245;891;2517
181;182;2223
379;1868;2142
269;268;2119
312;311;1797
321;1297;2094
1312;127;2005
1868;965;2142
1719;882;2030
373;1719;2030
1011;1278;2604
603;1508;2131
1524;735;1723
1045;1817;2359
205;206;1821
23;24;1822
1817;384;2359
375;1835;2661
1326;395;2159
748;1527;1827
571;1446;2383
1334;8;2405
781;1546;1900
1271;383;2250
1513;394;2341
1527;962;1827
1448;521;1933
771;1540;1830
1540;371;1830
730;1675;2229
1716;470;2134
1440;465;1981
924;1385;1899
1433;698;2671
902;1513;2341
563;2139;2320
2055;555;2454
914;1716;2134
544;1453;2295
1453;867;2295
2139;1164;2320
1298;996;2708
1189;2055;2454
776;1440;1981
361;1760;2049
1702;430;2299
12;275;1731
1396;828;2520
2253;528;2560
1600;676;1712
1772;882;2117
490;1394;2062
582;1285;2683
603;1413;2642
1394;785;2062
723;1389;2198
378;2133;2475
699;1281;2536
1274;591;2356
1320;400;2046
1688;466;2227
117;118;2209
111;112;2210
123;124;1741
1522;916;1946
937;1451;2616
295;1437;2218
1412;701;2391
706;1394;2313
2200;882;2584
1452;658;1824
635;2046;2427
1820;812;1986
676;1600;1713
1320;943;2039
1437;830;2218
593;1837;2244
311;1477;1797
1095;1704;2701
1301;756;2366
213;1589;2425
1948;1162;2441
273;1401;1903
1328;396;2031
1778;971;2756
1592;898;2186
1275;429;2535
1799;169;2230
1871;2009;2687
1281;415;2656
1757;1064;2581
584;1277;2431
1860;1174;2722
368;1860;2722
1603;674;1763
13;344;1862
1400;736;1918
270;269;2503
142;143;2674
1613;62;1905
502;1664;2165
922;1551;2354
1290;778;2563
822;1773;2075
1773;906;2075
784;1998;2151
868;2417;2478
1406;423;1911
506;1369;2169
1369;795;2169
410;1638;2238
1415;369;2382
1447;365;1853
1297;549;2636
1970;480;2151
2019;827;2290
1651;492;2609
1414;304;2035
157;158;1757
129;1689;2728
686;1296;2170
1405;1008;2025
2133;1147;2475
323;322;2276
995;1762;2340
290;1515;2662
1514;707;2241
782;1414;2035
1168;2688;2730
1908;764;2180
367;1421;1967
1762;683;2340
160;161;1900
1543;238;2531
394;1285;2341
278;277;2252
1583;431;2568
1447;1853;2505
1423;878;1898
1291;886;2230
1515;990;2662
878;1754;2265
1699;1338;2334
1000;1970;2151
141;142;2184
1653;496;2090
1168;1315;2688
1754;957;2265
1308;802;2160
894;1438;2497
1943;604;2565
129;130;2115
905;1565;2751
1630;939;1854
1998;1000;2151
610;1300;2576
588;1288;2760
562;1294;2550
48;49;2481
147;148;1775
1323;581;2113
680;1882;2605
2506;726;2727
1324;609;2374
717;1371;2006
437;1335;2747
943;1654;1796
1383;735;2572
580;1478;2704
532;1806;2479
1470;1817;2630
266;1411;2089
1411;802;2089
1516;435;2092
1308;681;2178
440;1665;2066
451;1630;1854
16;329;1782
1376;424;2011
752;1376;2011
1560;1003;2566
2104;665;2697
275;274;2516
1481;1325;2574
2150;1156;2692
1305;817;2221
1577;194;2416
1335;576;2756
385;1294;2263
1064;1546;1987
1302;2104;2697
1312;895;2623
179;180;2462
215;214;2752
2205;1479;2332
255;1311;2615
1373;843;2398
1207;1708;2658
1709;1206;2657
930;2458;2530
1436;892;2467
200;1646;2753
454;1436;2467
1314;774;2653
107;108;1829
121;122;1828
496;1552;2014
1408;251;1949
71;72;1791
1499;962;2667
908;1297;2414
891;1322;2659
612;1314;2653
680;1689;2115
72;73;2626
859;1452;2432
911;1974;2240
1974;1033;2240
92;93;1963
1461;499;2355
870;1461;2355
1317;866;2201
404;1358;2078
756;1301;2724
1425;1014;2055
246;245;1950
286;1491;2596
1596;900;2538
845;1864;2171
590;1463;2183
1463;822;2183
571;1318;2206
1587;119;2528
110;1588;2527
1357;403;2084
727;1571;1786
1537;701;1971
30;1499;2667
426;1301;2366
1491;947;2596
774;1328;2653
557;1299;2350
827;1649;1732
53;1565;2449
250;249;2489
767;1338;2546
1328;612;2653
1299;383;2352
852;1418;2420
38;39;1805
51;1387;2017
44;45;2693
975;1696;2395
320;1958;2414
1368;422;2220
2113;938;2578
519;1785;2581
789;1603;1763
1696;486;2395
783;1354;2109
1772;824;2030
882;1772;2030
764;1908;2311
1179;2022;2461
1636;731;2255
869;1353;2544
1685;671;2184
1696;975;1750
693;1491;2518
366;1370;2076
1485;663;1995
641;1696;1750
1353;358;2544
710;1448;1933
1421;732;1967
518;1321;2557
1347;635;2734
561;1312;2495
1393;584;2016
127;128;2005
889;1470;2411
999;1594;2646
416;1472;2509
1470;462;2411
1594;391;2646
1313;571;2383
236;235;1856
40;41;2102
2362;849;2419
735;1524;2079
1348;463;2730
397;1367;2083
728;1652;2397
1318;925;2686
1351;450;2278
1782;766;2023
1947;1047;2310
884;1947;2310
1585;630;2470
557;1351;2162
178;179;1839
374;1909;2111
1012;1333;2618
814;1476;2137
2397;495;2569
283;282;1974
462;1318;2385
448;1317;2396
1331;970;2587
1433;477;2140
1671;596;2443
1317;556;2398
1355;600;2719
601;1356;2720
1431;489;2160
802;1431;2160
319;1451;1958
1644;2081;2639
1685;142;2674
702;1378;2203
1673;707;1999
508;1556;2229
797;1433;2140
1476;480;2137
1430;433;2429
1357;638;2743
1589;918;2425
726;1609;2337
224;223;1914
1510;723;2187
85;86;1947
1327;601;2308
573;1330;2542
853;1820;1986
760;1324;2374
994;1914;2251
1914;919;2251
1363;215;2752
1578;414;2219
164;165;2391
1537;164;2391
391;2196;2304
785;1394;2050
1654;1347;2721
1354;783;2248
1146;1605;2407
764;1398;2119
1039;2085;2464
1467;428;1941
2196;1143;2304
1951;842;2179
526;1509;1887
1467;1941;2332
1048;1679;2543
2110;809;2195
1647;738;1770
961;1330;2412
1779;846;2352
896;1502;2415
831;2430;2705
1480;150;2294
1240;2506;2727
721;1531;2224
1352;871;2235
2383;1446;2561
1344;529;2526
1341;360;2601
931;1492;2060
741;1669;2447
797;1507;2049
1502;186;2415
962;1527;2667
701;1537;2391
1338;392;2546
1769;1464;2698
1507;361;2049
436;1354;2248
1532;674;2148
68;69;1922
1353;557;2665
1337;634;2407
1820;853;2345
1424;753;2233
1221;1748;2250
1553;727;2501
902;2341;2379
847;1477;2360
102;1444;1984
919;1545;2542
1527;29;2667
656;2020;2748
529;1344;2597
915;1539;2433
1530;720;2346
1069;2027;2305
1574;567;2729
2027;945;2305
755;1791;2626
2020;1235;2748
1539;349;2433
2099;509;2232
2106;992;2463
921;1591;2403
1591;493;2403
1635;694;2303
1809;769;2042
370;1454;2324
575;1341;2435
755;1368;2220
1737;883;2260
142;1685;2184
853;2071;2345
574;1417;2064
361;1423;2045
1347;951;2721
1760;361;2045
707;1673;2241
418;1504;2594
1417;767;2064
637;1358;2291
602;1374;2211
872;1760;2045
1713;821;2461
1379;788;2386
1345;416;2404
1344;825;2470
342;1458;2153
975;2371;2620
1407;761;2732
1346;568;2562
1689;129;2115
630;1344;2470
2045;665;2325
1459;717;1992
1654;351;1796
1360;398;2613
1622;335;2386
830;1437;2298
532;2150;2692
741;1613;1905
1437;616;2298
1755;758;2656
856;1355;2719
1356;857;2720
457;1598;2316
1455;753;2273
1818;462;2385
750;1535;1904
957;1842;2265
1423;361;2504
1664;666;2165
1433;797;2049
214;1718;2752
1842;471;2265
765;1520;2297
528;1377;2560
614;1372;2249
728;1570;2014
1570;1004;2014
878;1423;2504
1024;1806;2692
1359;609;2448
2138;1073;2567
1503;413;2451
536;2107;2145
1462;799;2318
2100;1209;2645
918;1487;1968
1782;329;2637
492;2287;2609
908;2100;2645
677;1727;1893
1909;903;2111
1495;368;2204
1365;594;2588
1586;901;2648
514;1483;1979
314;313;1930
1800;374;2345
1570;728;2167
980;1800;2345
1634;1026;2508
150;151;2294
2036;438;2384
377;2047;2679
2047;1215;2679
1621;749;2256
1051;1622;1988
1646;1000;2753
1417;456;2334
775;1789;2712
1789;775;2713
1163;2243;2729
973;2464;2633
1401;1013;2165
134;135;1938
2024;880;2120
835;1851;1873
1371;861;2335
1651;942;2424
492;1651;2424
1851;778;1873
244;243;2292
980;2640;2701
772;1894;2608
1504;607;2155
843;1373;2321
1464;494;2093
757;1467;2246
787;1464;2093
818;1504;2155
1642;452;2236
618;1641;2670
1514;833;2234
182;1390;2223
873;1642;2236
1879;751;2412
1641;1218;2670
607;1377;2641
858;1666;2136
1460;764;2119
2348;772;2377
1247;2348;2377
1519;363;2118
1666;364;2136
77;1570;2167
1701;484;2106
1467;757;2302
1495;751;2456
1526;599;2195
1906;915;2070
526;1906;2070
1718;696;2752
1794;1055;2573
308;307;2056
1417;574;2590
792;1794;2573
2199;360;2376
1761;733;2715
805;1446;2206
1384;585;2288
1446;571;2206
1501;785;2050
863;1579;2268
431;1501;2050
243;1547;2292
357;1380;2619
690;1578;2219
75;76;2315
419;1883;2000
1373;1186;2446
865;1482;2368
173;1373;2446
1482;520;2368
20;1634;1869
1635;209;1870
49;50;2027
1469;746;2051
265;264;1961
495;1378;2569
1389;506;2318
1420;628;2168
1579;35;2268
1614;370;2173
471;1842;2267
86;87;2426
223;222;2482
676;1713;2485
1573;911;2562
431;2050;2568
733;1547;2033
191;192;1966
1413;360;2199
1422;590;2183
449;1625;1892
1425;393;2363
359;1604;1915
768;1839;2462
1381;402;2476
758;1962;2656
886;1799;2230
775;1925;2713
1926;775;2712
1662;955;2496
367;1662;2496
169;170;2230
2377;772;2608
1456;810;2101
222;1545;2482
2190;899;2680
10;257;2188
1998;784;2018
799;1389;2318
1388;569;2331
2430;1062;2705
1313;1799;2513
1865;833;1881
1438;894;2622
59;1510;2187
546;1426;2548
1426;874;2548
1392;65;2733
66;1392;2733
1273;2190;2680
786;1865;1881
618;1438;2622
1443;473;2124
812;1803;1890
1499;660;2216
1885;740;1964
1803;826;1890
779;1468;2081
689;1567;2358
729;1715;1863
440;1566;1956
1538;885;2567
591;1432;2186
962;1499;2216
495;1652;2164
496;1653;2163
380;2401;2606
1843;681;1859
1107;1843;1859
1486;771;2112
1857;1334;2704
828;1396;2757
1394;490;2313
2147;435;2198
1386;389;2478
760;1551;2215
473;1714;2724
845;2171;2533
268;1460;2119
905;1517;2016
1548;762;2127
1549;763;2126
509;2108;2247
414;1762;2219
1486;599;2166
1531;57;2224
1663;791;1977
1022;1663;1977
596;1390;2443
1572;424;2698
1683;700;1876
442;1388;2515
762;1552;2127
763;1553;2126
816;1927;2116
373;1424;2233
453;1756;2024
464;1576;2003
1576;791;2003
1661;696;1968
430;1481;2347
1546;781;1987
466;1529;2004
899;1867;2680
1756;880;2024
805;2053;2553
367;1967;2413
1818;715;2663
1517;664;2029
1040;1707;2711
1707;574;2711
1805;39;2654
363;1519;2328
1957;1061;2469
804;1440;2232
340;1438;2231
1519;854;2328
631;1520;2283
401;1750;2620
996;1983;2750
683;1748;2340
1396;632;2757
499;1399;2668
220;219;2019
599;1486;2539
1952;704;2731
2327;668;2586
1153;1952;2731
1394;706;2568
1404;595;2364
1748;683;2250
1306;2327;2586
1658;333;2455
1576;829;2436
606;1406;2718
1460;1066;2180
795;1462;2169
887;1448;2673
625;1399;2450
1476;784;2151
1815;1169;2456
777;1910;2174
1746;217;2700
307;1628;2056
178;1839;2749
1720;707;1867
435;1486;2112
939;1658;2455
800;2040;2693
663;1716;1995
825;1681;2217
1552;728;2014
470;1716;2088
155;156;2034
304;303;2035
1591;921;2078
767;1417;2334
595;1404;2580
2189;848;2259
994;2251;2448
284;283;2440
1758;1396;2520
43;44;2040
480;1476;2151
1661;877;2225
1768;769;2401
667;1638;2593
322;321;2094
481;1595;2275
859;1891;2086
1868;710;1875
900;1459;2538
1483;514;2342
165;1412;2391
809;1526;2195
838;1483;2342
622;1470;2630
1486;435;2147
339;338;2497
965;1868;1875
2211;1374;2702
499;1461;2212
1571;727;2090
1004;1571;2090
1673;1077;2241
647;1704;1902
749;1785;2256
1669;1083;2602
708;1415;2382
2677;786;2742
413;1503;2311
1747;1090;1936
254;1530;2346
2279;1178;2726
581;1529;2113
1524;468;2079
1692;1005;2164
762;1692;2164
1691;1006;2163
763;1691;2163
1461;870;2238
1529;938;2113
1445;392;2260
1410;270;2503
907;1469;2598
2563;778;2758
515;1957;2469
315;15;2068
721;1516;2092
180;181;2125
673;1503;2451
1442;803;2454
2260;883;2264
1967;1018;2413
771;1486;2166
1670;714;2592
1059;2189;2259
769;1809;2401
2388;897;2452
770;1542;2423
1690;798;1959
1639;983;2709
756;1714;1920
862;2029;2271
448;1690;1959
814;2068;2643
1622;788;1988
298;297;2082
364;1479;2205
431;1455;2273
1573;284;2440
1759;507;2175
1421;367;2496
1427;608;2510
450;1494;2278
11;266;2089
1009;1777;2493
1467;598;2246
301;1560;2566
948;1759;2175
2422;503;2676
33;1639;2709
73;74;2647
1557;1121;2491
1603;789;2028
395;1633;2159
1597;631;2283
906;1773;2021
2117;545;2551
1152;2117;2551
457;1603;2028
2078;921;2114
1513;902;2132
1564;793;2073
363;1564;2073
2145;1138;2490
885;1538;2480
536;2145;2490
1919;858;2077
477;1433;2671
929;1705;2399
1705;98;2399
1715;920;2674
1476;814;2247
3;115;2571
114;3;2571
1566;440;2066
599;1493;2195
1518;858;2136
2101;352;2259
566;1436;2419
1452;1824;2432
927;1965;2146
2052;1172;2737
2129;928;2361
751;1495;2204
5;248;2116
1852;448;2396
1965;348;2146
811;1687;2737
1738;944;2694
1446;444;2561
1554;787;2093
804;1930;2193
1785;987;2256
493;1591;2473
1094;1802;2665
308;2056;2595
917;2070;2433
1441;352;2410
848;1921;2032
478;1784;2658
2245;456;2319
1733;1236;2628
138;139;2375
1105;2245;2319
1650;702;2001
827;1732;2290
166;167;2143
1442;916;2741
428;1467;2302
955;2128;2496
455;1747;1936
942;1651;2084
82;83;2439
1851;835;1891
2056;1135;2595
873;2236;2427
2217;1585;2470
794;1698;2022
1059;2458;2554
494;1851;1891
1627;352;2101
241;240;2152
2236;1149;2427
555;1442;2454
343;342;2153
810;1627;2101
1602;953;2690
1494;780;2278
1023;1826;2069
1006;1548;2127
1007;1549;2126
1188;1836;2445
713;1771;1985
799;1493;2539
1596;549;2262
833;1865;1919
1750;975;2620
1500;636;2695
435;1516;2198
885;2279;2726
812;1890;1986
1865;490;1919
855;1480;2294
365;1554;2432
470;1946;2134
1826;465;2069
2047;743;2048
1686;472;2240
1865;786;2677
726;2337;2727
364;1766;2136
1215;2047;2048
1806;926;2479
1449;500;2502
1946;916;2134
503;1848;2676
1033;1686;2240
749;1757;2581
1449;626;2532
1916;1241;2694
2411;1818;2663
74;75;2600
1723;429;2338
632;1465;2757
2124;473;2724
1288;1876;2453
509;2099;2108
850;2024;2120
971;1778;2459
408;1514;2241
589;1487;2745
326;1616;2617
1413;2199;2642
1487;918;2745
1418;1784;2420
388;2530;2572
183;184;2214
2530;1383;2572
2106;484;2660
2099;1035;2108
296;295;2218
1332;2322;2740
1481;768;2347
1974;282;2666
881;2280;2474
327;326;2617
318;317;2616
1616;936;2617
2322;608;2740
778;1851;2758
1943;390;2738
414;1466;2472
1110;1943;2738
2082;820;2514
1465;828;2757
1716;914;1995
893;1776;2511
391;1594;2196
1470;622;2460
74;1637;2647
494;1464;2541
1792;853;1986
460;1792;1986
404;2078;2114
1181;2276;2488
1210;2329;2548
1594;819;2196
1596;923;2636
2276;923;2488
1053;1533;2244
1482;865;2372
1664;502;2599
707;1720;1999
611;1633;2100
1567;752;2358
1698;459;2022
1738;515;2469
376;1469;2754
1678;782;2589
879;1483;2376
853;1831;2071
1831;516;2071
549;1596;2636
971;2222;2747
959;1611;2118
1745;726;2506
944;1738;2469
553;1855;2057
1469;907;2754
1551;474;2215
174;1884;2321
1855;927;2057
1487;589;2380
2329;546;2548
809;2110;2135
2110;956;2135
1520;765;2283
785;1666;2062
742;1722;2505
727;1653;2090
1694;904;2416
1631;582;2683
856;1623;2285
1624;857;2284
1556;730;2229
1861;897;2263
1512;588;2760
35;36;2268
1520;355;2297
1834;1194;2409
880;1953;2120
1626;767;2546
1475;597;2474
1591;712;2473
1939;489;2310
1047;1939;2310
195;1694;2416
214;213;2425
467;1601;2179
1623;202;2285
27;1624;2284
293;292;2280
1561;421;2226
577;2459;2732
925;2460;2725
26;27;2284
202;203;2285
1807;1115;2105
2459;1407;2732
282;281;2666
443;1585;2217
277;276;2540
118;1587;2209
1588;111;2210
1554;859;2432
101;1984;2644
449;1733;2573
1556;928;2257
1010;1481;2574
458;1498;2452
491;1794;2144
960;1695;2380
751;1815;2456
801;1482;2582
917;2433;2707
488;1803;2095
1598;881;2474
1233;1728;2073
886;2385;2513
620;1495;2456
597;1598;2474
1488;644;2521
224;1914;2457
1914;994;2457
660;1595;2216
366;2076;2110
2076;956;2110
1039;1490;2498
1633;1027;2159
500;1940;2235
895;2286;2344
2286;1104;2344
2188;1132;2545
966;2188;2545
232;231;2690
389;1889;2478
1643;534;2307
788;1622;2386
382;2072;2750
2330;1124;2402
1547;839;2292
2072;1161;2750
916;1522;2741
1493;599;2539
1809;997;2401
2004;823;2227
838;1508;2642
1522;362;2741
1105;2565;2612
1492;680;2605
1637;74;2600
16;1782;2023
655;1496;2602
912;1574;2729
1744;796;2535
2009;765;2297
671;1685;2512
1653;763;2163
1652;762;2164
1685;920;2512
1794;792;2144
2084;403;2149
942;2084;2149
790;1742;2054
1500;482;2633
276;1574;2540
468;1506;2652
1728;363;2073
413;1978;2451
1507;592;2564
463;1647;2582
942;2015;2424
2015;1018;2424
1737;639;2579
361;1507;2504
903;1509;2525
549;1727;2262
456;1699;2334
542;1655;2174
1504;818;2594
1536;847;2360
761;1701;2106
338;1771;2497
1820;374;2111
1683;603;2131
845;1858;2289
900;1596;2262
1595;766;2275
225;224;2457
2138;474;2483
616;1580;2298
1182;1955;2423
406;1948;2441
1574;912;2540
616;1505;2627
351;1654;2721
256;255;2615
1506;854;2652
1564;363;2328
98;99;2399
636;1610;2695
819;1594;2320
1508;603;2642
932;2330;2402
457;1505;2689
1890;460;1986
695;1634;2508
394;1513;2523
1853;742;2505
1679;460;2543
194;195;2416
186;187;2415
1617;1344;2526
2057;927;2146
837;2057;2146
172;173;2446
199;200;2753
700;1614;2453
1536;309;2595
819;1643;2307
362;1522;2491
427;1621;2256
1684;646;2710
1073;2138;2483
1541;367;2413
347;1780;2122
103;104;2442
52;53;2449
656;1643;2274
694;1590;2303
1135;1536;2595
1517;905;2751
664;1517;2751
288;1607;2281
1044;1725;2717
574;1707;2590
842;1767;2179
1883;1111;2000
333;332;2455
14;1636;2255
523;1809;2042
90;91;2465
1084;2222;2393
847;1536;2438
2222;577;2393
1542;441;2423
1767;467;2179
646;1592;2312
230;229;2480
815;1512;2760
479;1677;2228
1677;828;2228
329;328;2637
2282;454;2467
796;1744;2107
743;1837;2389
758;1755;2494
2;66;2733
65;2;2733
1033;1974;2666
1538;230;2480
1576;464;2559
1603;457;2316
439;2091;2447
2463;351;2500
222;6;2735
109;110;2527
119;120;2528
175;176;2534
1726;811;2373
238;237;2531
1250;2463;2500
1958;908;2414
2194;874;2351
1056;2194;2351
302;301;2566
2038;1071;2388
517;2052;2737
1852;2396;2736
1545;919;2482
876;1734;2343
1880;451;2387
1734;520;2343
617;2038;2388
287;286;2596
309;308;2595
924;2036;2384
1643;819;2274
2161;597;2556
739;1886;2044
231;1602;2690
1106;2161;2556
280;279;2649
39;40;2654
1563;113;2651
1562;1148;2650
1148;1563;2651
116;1562;2650
29;30;2667
115;116;2650
113;114;2651
450;2418;2533
812;1820;2111
1545;222;2735
1617;378;2475
32;33;2709
2245;1105;2552
901;1586;2682
17;18;2712
211;212;2713
291;290;2662
1586;643;2682
1609;469;2337
911;1573;2440
217;216;2700
833;2077;2234
459;1698;2207
153;154;2717
177;178;2749
1990;820;1991
497;1553;2501
887;1990;1991
1803;812;2095
1061;2102;2469
2102;944;2469
1601;467;2369
1921;831;2032
829;2037;2436
1768;380;2477
976;1884;2534
1544;652;2635
1884;175;2534
926;1768;2477
1581;856;2719
857;1582;2720
2454;803;2691
825;1617;2475
362;1807;2105
1673;1999;2755
2328;854;2353
545;2200;2687
836;2383;2561
792;1965;2144
1268;1545;2735
818;2155;2158
2155;993;2158
1550;376;2754
424;1769;2698
1795;1110;2738
907;1550;2754
1933;1079;2523
1918;347;2122
631;1659;2333
1659;840;2333
2058;1286;2634
1575;372;2725
888;1765;2173
1680;503;2271
829;1576;2559
514;1979;2603
1568;401;2620
1593;48;2481
1878;702;2203
1128;1733;2628
281;1676;2666
1377;1735;2560
1891;835;2086
706;1583;2568
1989;1070;2137
833;1919;2077
1565;664;2751
1725;153;2717
2200;1130;2687
1955;770;2423
2418;1157;2533
1837;743;2244
906;1739;2312
1739;646;2312
1969;1217;2585
787;1572;2698
2282;893;2511
1848;721;2676
480;1989;2137
1640;225;2457
1614;815;2453
1765;888;2378
501;1765;2378
1677;651;2520
1762;995;2219
1983;382;2750
1684;929;2399
99;1684;2399
929;1684;2710
1611;498;2493
608;1606;2510
1718;214;2425
2026;999;2591
2094;1297;2636
491;1875;2132
724;1702;2299
923;2094;2636
1606;863;2510
800;1736;2277
698;1760;2499
1164;2020;2274
600;1581;2719
1582;601;2720
647;1800;2701
1652;495;2397
1800;980;2701
918;1589;2745
2134;916;2336
1672;1134;2507
851;1671;2443
518;2085;2498
1598;457;2689
654;1834;2409
2085;1039;2498
508;1977;2436
994;1640;2457
881;1598;2689
1030;1617;2526
350;1720;2547
1255;1795;2738
2169;1462;2318
910;1943;2565
507;1990;2175
1720;899;2547
1990;887;2175
460;1890;2543
1028;2031;2308
1898;878;2265
898;1608;2644
1189;2454;2691
1864;844;2171
1921;476;2430
471;1898;2265
2458;930;2554
444;1693;2561
920;2471;2512
1921;848;2189
1912;1308;2160
249;1645;2489
796;2087;2535
1868;379;2673
534;1643;2507
1983;831;2705
872;2045;2325
522;1908;2180
505;1814;2225
2201;866;2492
459;1713;2461
1953;560;2120
1802;1353;2665
997;2258;2606
489;1912;2160
977;1637;2600
1612;469;2681
697;1842;2549
1973;1001;2249
835;1873;2272
883;1931;2266
1967;732;2522
1610;808;2695
931;2060;2495
1931;498;2266
1726;452;2326
1914;223;2482
2081;533;2639
901;1628;2648
2189;1059;2554
1669;439;2447
1005;1878;2203
639;1699;2517
579;2185;2746
2185;1133;2746
1642;618;2622
1714;473;2634
1965;927;2144
789;1631;2683
1710;852;2487
1711;639;2517
1647;801;2582
1885;327;2617
317;1886;2616
478;1721;2420
485;1867;2234
651;1758;2520
476;1921;2189
1756;453;2317
1994;138;2375
711;1651;2609
949;1644;2639
2565;604;2612
2083;1034;2322
2150;1190;2347
2095;812;2111
548;2026;2591
839;1761;2515
1930;313;2193
768;2150;2347
452;1726;2373
992;2106;2660
926;1806;2570
922;2128;2306
2128;955;2306
531;1864;2381
1806;596;2570
941;1788;2657
1788;479;2657
1486;2147;2539
1738;907;2598
2096;1093;2550
515;1738;2598
1679;671;2512
1678;1008;2509
828;1677;2520
1682;468;2652
861;1790;2335
1790;511;2335
918;1718;2425
2175;887;2254
1876;700;2453
948;2175;2254
1860;368;2367
1721;852;2420
1873;409;2272
525;1673;2755
834;1751;2365
1760;872;2499
1945;1200;2295
957;1754;2363
2286;493;2473
903;2095;2111
651;1710;2487
527;1678;2589
438;2121;2384
1882;1124;2330
721;2092;2676
2121;1050;2384
842;1951;2661
476;2074;2430
2005;128;2728
2102;1061;2654
964;2369;2759
1693;836;2561
1784;478;2420
40;2102;2654
891;1711;2517
1742;537;2714
752;2011;2358
919;1914;2482
1884;843;2321
514;2237;2342
2237;1222;2342
1676;1033;2666
380;1768;2401
360;1776;2601
2129;402;2257
928;2129;2257
2046;873;2427
374;1820;2345
1459;1992;2538
1707;910;2590
545;2117;2200
1469;2051;2598
2065;513;2545
1132;2065;2545
920;1685;2674
322;2094;2276
1731;275;2516
2279;885;2480
2094;923;2276
2074;1062;2430
409;1952;2272
2104;1077;2325
870;2007;2238
1719;744;2584
843;1884;2736
1884;976;2736
1711;891;2659
466;2004;2227
1076;2677;2742
1214;2009;2297
1687;517;2737
2194;82;2439
1874;1114;2472
1708;478;2658
479;1709;2657
1689;931;2728
345;1711;2659
2204;368;2722
501;1882;2330
429;1744;2535
1733;792;2573
2020;656;2274
1735;974;2560
1952;1153;2272
2007;410;2238
841;1714;2634
1897;648;2604
1278;1897;2604
1177;2182;2208
442;1761;2715
1908;1067;2311
1704;647;2701
381;1937;2611
1937;952;2611
2125;1024;2692
1156;2125;2692
614;2249;2370
867;1945;2295
2249;1001;2370
1754;878;2564
1165;2511;2536
1761;442;2515
876;2343;2359
2071;980;2345
2343;1045;2359
462;1818;2411
1771;894;2497
87;1811;2426
1161;1906;2437
1906;526;2437
2077;485;2234
1913;949;2639
533;1913;2639
1037;2563;2758
592;1754;2564
1714;756;2724
2117;882;2200
1315;1929;2688
2511;699;2536
2156;806;2197
1792;460;2471
1864;845;2381
1091;2156;2197
714;1721;2696
1824;365;2432
1776;699;2511
451;1854;2387
488;2525;2684
349;2578;2707
1853;365;2428
1105;2319;2565
817;2205;2332
1776;893;2601
1836;675;2445
2578;1254;2707
1941;817;2332
1790;695;2508
467;1767;2664
1867;485;2680
454;1901;2362
1210;1996;2329
1799;886;2513
2157;1042;2631
539;2157;2631
2006;1371;2335
646;1739;2710
643;1747;2682
1839;179;2462
2264;883;2266
860;1742;2714
2254;887;2673
959;2264;2266
1785;749;2581
415;1755;2656
2135;956;2394
513;2135;2394
2182;806;2208
1747;455;2706
2080;1298;2708
718;2080;2708
2060;561;2495
2239;353;2621
1102;2239;2621
946;1960;2606
1960;380;2606
1974;911;2440
332;1877;2455
2147;799;2539
283;1974;2440
1996;884;2329
1877;939;2455
2196;819;2307
2177;1181;2488
967;2422;2676
1932;575;2435
893;1932;2435
1791;72;2626
1312;2005;2495
512;2177;2488
780;2162;2278
1926;964;2759
775;1926;2759
1842;957;2549
831;1921;2430
511;2006;2335
912;2243;2267
930;1954;2554
1954;476;2554
2372;463;2582
212;1789;2713
1789;17;2712
2168;909;2681
2022;459;2461
1817;1045;2630
715;1801;2663
2396;1317;2398
843;2396;2398
1798;901;2706
1138;2145;2410
2011;1142;2358
849;1994;2375
506;2169;2318
455;1798;2706
488;2095;2525
871;2008;2580
892;1932;2467
1982;256;2615
2162;1351;2278
1808;488;2684
504;1866;2577
474;2138;2726
1890;826;2543
279;1907;2649
895;2344;2623
480;1970;2524
2103;1002;2672
1942;445;2744
550;2103;2672
958;1942;2744
665;2104;2325
751;2204;2412
2204;961;2412
2109;504;2577
1157;2418;2421
2243;471;2267
473;2058;2634
2418;869;2421
1838;530;2703
980;2071;2640
1978;1248;2451
2071;516;2640
1851;494;2758
2007;870;2588
328;1964;2637
1962;1281;2656
1886;937;2616
936;1885;2617
1998;199;2753
1018;2015;2413
1989;480;2524
1894;369;2608
2215;474;2726
1984;898;2644
490;1865;2677
2087;1275;2535
914;2134;2336
2206;1318;2686
933;1857;2704
989;1931;2579
1143;2196;2307
1929;682;2688
976;1852;2736
1171;2339;2434
924;2384;2444
1130;1871;2687
2384;1050;2444
2337;979;2727
1018;1967;2522
2037;508;2436
577;2222;2459
912;2252;2540
2222;971;2459
1161;2437;2750
2437;996;2750
2028;789;2739
2005;931;2495
2591;1106;2655
2158;993;2621
972;2028;2739
353;2158;2621
2070;915;2433
1992;512;2538
796;2133;2537
944;1916;2694
482;1969;2585
2612;604;2625
1167;2612;2625
2153;913;2529
982;2097;2428
2171;450;2533
1925;211;2713
18;1926;2712
2155;607;2641
993;2155;2641
1979;823;2603
1951;375;2661
1964;985;2637
2435;1341;2601
825;2217;2470
2050;1394;2568
2293;1220;2594
818;2293;2594
2331;839;2515
1040;2253;2624
2253;1098;2624
2400;984;2678
1151;2400;2678
1148;2571;2650
2571;115;2650
114;2571;2651
2571;1148;2651
931;2005;2728
372;2053;2725
2289;1112;2381
845;2289;2381
2095;903;2525
2009;545;2687
1178;2215;2726
2053;372;2553
298;2082;2514
2610;958;2744
1195;2610;2744
2043;467;2664
951;2500;2721
2199;838;2642
1301;2124;2724
2351;497;2501
1056;2351;2501
2087;796;2537
874;2194;2439
993;2486;2621
2486;1102;2621
382;1983;2705
823;2242;2603
2242;1038;2603
2053;805;2686
2051;515;2598
2350;1299;2352
2484;232;2690
548;2591;2655
846;2350;2352
2477;1078;2479
926;2477;2479
1029;2377;2608
961;2204;2722
872;2349;2499
2181;442;2715
2157;539;2678
984;2157;2678
343;2153;2529
935;2123;2614
2068;15;2643
1999;1088;2755
963;2043;2664
1000;1998;2753
2371;975;2395
982;2371;2395
885;2138;2567
604;2555;2625
2555;1112;2625
2040;44;2693
530;2039;2703
2039;943;2703
1145;2226;2635
803;2141;2691
860;2211;2702
938;2185;2699
2123;519;2614
925;2053;2686
2141;969;2691
476;2189;2554
426;2054;2702
1130;2200;2584
474;2306;2483
229;2279;2480
2053;925;2725
2092;967;2676
2339;875;2434
1104;2286;2473
2043;775;2759
1165;2282;2511
1388;2331;2515
2270;348;2669
1002;2270;2669
805;2206;2686
2252;277;2540
891;2245;2552
2306;955;2483
2396;843;2736
2355;499;2668
1054;2355;2668
1008;2404;2509
2404;416;2509
1128;2628;2672
2138;885;2726
2349;1162;2499
2628;550;2672
2258;946;2606
2185;579;2699
1082;2181;2715
2319;910;2565
992;2660;2731
1039;2464;2466
2660;1153;2731
2464;973;2466
2287;1198;2609
2172;579;2746
1244;2172;2746
2315;977;2600
75;2315;2600
379;2254;2673
1482;2372;2582
2504;1507;2564
2243;912;2729
1106;2556;2655
2427;1149;2734
635;2427;2734
2313;490;2677
878;2504;2564
1076;2313;2677
893;2435;2601
2578;938;2699
2607;1167;2611
889;2411;2663
952;2607;2611
1106;2591;2646
2433;349;2707
2556;990;2655
2632;525;2755
1088;2632;2755
953;2484;2690
2591;999;2646
494;2541;2758
2669;1128;2672
1002;2669;2672
1254;2578;2699
2500;351;2721
2541;1037;2758
2683;1285;2739
901;2682;2706
2682;1747;2706
789;2683;2739
2747;1335;2756
971;2747;2756
239;8;2810
221;6;2811
5;213;2809
248;5;2809
8;240;2810
6;222;2811
230;7;2812
7;231;2812
2826;2784;2827
2784;2787;2827
2804;2778;2823
2764;2804;2823
2787;2769;2807
225;226;2792
235;236;2793
244;245;2791
216;217;2790
2791;245;2837
225;2792;2835
2793;236;2836
216;2790;2841
2769;2787;2852
2787;2784;2852
2783;2806;2825
2806;2767;2825
2786;2789;2826
2833;2786;2834
2826;2789;2851
2785;2788;2808
2761;2826;2827
2792;2779;2835
2776;2791;2837
2780;2793;2836
2790;2774;2841
237;238;2798
228;229;2795
232;233;2796
223;224;2797
241;242;2800
246;247;2799
214;215;2801
219;220;2802
2794;2786;2833
2807;2776;2821
2789;2786;2864
2762;2807;2821
2790;217;2813
244;2791;2815
235;2793;2814
2792;226;2816
2782;2833;2834
2784;2826;2851
2788;2785;2862
2766;2788;2859
2804;2782;2829
2766;2804;2829
2800;2781;2820
2777;2802;2818
2796;2775;2819
2801;2774;2817
2767;2790;2855
2766;2792;2857
2791;2769;2856
2806;2783;2832
2798;2773;2824
2771;2797;2822
2799;2770;2821
2795;2772;2823
2782;2804;2833
2788;2766;2829
2762;2806;2832
2804;2764;2833
2783;2827;2832
2827;2787;2832
217;218;2813
243;244;2815
226;227;2816
234;235;2814
2807;2769;2861
2858;2789;2864
2795;229;2843
2798;238;2846
232;2796;2845
241;2800;2844
223;2797;2849
2799;247;2848
214;2801;2850
2802;220;2847
2808;2788;2829
2778;2795;2823
2797;2779;2822
2776;2799;2821
2780;2798;2824
2808;2761;2828
2785;2808;2828
2802;2771;2818
2770;2801;2817
2773;2800;2820
2772;2796;2819
2786;2794;2864
2794;2768;2864
2767;2803;2825
2803;2785;2825
2768;2858;2864
2803;2855;2863
231;232;2845
213;214;2850
238;239;2846
247;248;2848
229;230;2843
240;241;2844
222;223;2849
220;221;2847
2790;2813;2855
2792;2816;2857
2815;2791;2856
2812;231;2845
2809;213;2850
239;2810;2846
2810;240;2844
248;2809;2848
230;2812;2843
2811;222;2849
221;2811;2847
2805;2784;2851
2831;2765;2851
2789;2831;2851
2793;2780;2858
2779;2792;2859
2792;2766;2859
2765;2805;2851
2770;2817;2821
2773;2820;2824
2818;2771;2822
2772;2819;2823
2784;2805;2852
2790;2767;2860
2791;2776;2861
2769;2791;2861
2774;2790;2860
2799;2776;2837
2800;242;2840
237;2798;2836
2797;224;2835
2779;2797;2835
219;2802;2842
2781;2800;2840
246;2799;2837
2775;2796;2839
228;2795;2838
2796;233;2839
2801;215;2841
2802;2777;2842
2795;2778;2838
2774;2801;2841
2798;2780;2836
2803;2767;2855
2805;2769;2852
2855;2777;2863
2775;2814;2854
2803;2763;2862
2785;2803;2862
2764;2794;2833
2772;2795;2843
2773;2798;2846
2771;2802;2847
2797;2771;2849
2796;2772;2845
2800;2773;2844
2770;2799;2848
2801;2770;2850
2794;2764;2853
2768;2794;2854
2805;2781;2856
2769;2805;2856
2778;2804;2857
2804;2766;2857
2787;2807;2832
2807;2762;2832
2854;2814;2867
2817;2762;2821
2820;2765;2824
2819;2764;2823
2763;2818;2822
2781;2805;2865
2782;2808;2829
2808;2782;2834
2761;2808;2834
2763;2803;2863
2793;2858;2867
2788;2830;2859
2767;2806;2860
2786;2826;2834
2826;2761;2834
2805;2765;2865
2806;2762;2866
2763;2830;2862
2830;2788;2862
2831;2789;2858
2819;2775;2853
2783;2825;2828
2825;2785;2828
2820;2781;2865
2817;2774;2866
2858;2768;2867
2822;2779;2830
2777;2818;2863
2780;2824;2831
2763;2822;2830
2824;2765;2831
2860;2806;2866
2770;2809;2850
2810;2773;2846
2809;2770;2848
2812;2772;2843
2772;2812;2845
2771;2811;2849
2811;2771;2847
2773;2810;2844
2774;2860;2866
2777;2813;2842
2813;218;2842
2814;2775;2839
2816;227;2838
234;2814;2839
2778;2816;2838
243;2815;2840
2815;2781;2840
236;237;2836
227;228;2838
215;216;2841
224;225;2835
218;219;2842
242;243;2840
245;246;2837
233;234;2839
2776;2807;2861
2761;2827;2828
2827;2783;2828
2764;2819;2853
2813;2777;2855
2816;2778;2857
2781;2815;2856
2818;2763;2863
2762;2817;2866
2765;2820;2865
2814;2793;2867
2853;2775;2854
2794;2853;2854
2830;2779;2859
2780;2831;2858
2768;2854;2867
266;11;2920
11;267;2920
10;258;2918
257;10;2918
275;12;2919
284;9;2917
12;276;2919
9;249;2917
2896;2873;2934
2894;2876;2935
2935;2876;2967
2885;2911;2930
2882;2909;2929
2911;2870;2930
2909;2869;2929
2894;2890;2914
2896;2891;2915
2895;2892;2916
2893;2874;2913
2891;2893;2968
262;263;2900
279;280;2897
270;271;2899
253;254;2898
2900;263;2944
279;2897;2942
270;2899;2948
2898;254;2947
2934;2873;2961
2890;2894;2957
2874;2893;2958
2893;2891;2958
2891;2896;2960
2892;2895;2959
2873;2896;2938
2876;2894;2940
2893;2936;2968
2916;2892;2973
2914;2890;2974
2888;2900;2944
2897;2883;2942
2899;2882;2948
2881;2898;2947
255;256;2908
277;278;2905
282;283;2902
273;274;2904
264;265;2903
259;260;2901
250;251;2906
268;269;2907
2913;2881;2932
2959;2895;2970
2872;2913;2932
2899;271;2923
253;2898;2921
2897;280;2922
262;2900;2924
2871;2959;2970
2888;2903;2925
2901;2887;2928
2905;2883;2927
2884;2902;2926
2898;2874;2962
2873;2897;2961
2900;2876;2963
2888;2925;2935
2884;2926;2934
2890;2909;2939
2912;2889;2937
2892;2910;2938
2889;2912;2940
2875;2933;2939
2933;2895;2939
2880;2906;2930
2904;2879;2931
2877;2907;2929
2908;2878;2932
2872;2912;2937
2909;2875;2939
2910;2873;2938
2912;2876;2940
2889;2936;2937
2936;2893;2937
2915;2891;2968
252;253;2921
271;272;2923
280;281;2922
261;262;2924
2913;2874;2964
2908;256;2949
2902;283;2950
250;2906;2952
2904;274;2951
277;2905;2953
259;2901;2954
2903;265;2956
268;2907;2955
2881;2908;2932
2906;2885;2930
2886;2904;2931
2907;2882;2929
2902;2880;2926
2879;2905;2927
2903;2877;2925
2878;2901;2928
2925;2869;2935
2926;2870;2934
2895;2933;2970
2889;2914;2936
2914;2868;2936
283;284;2950
267;268;2955
258;259;2954
274;275;2951
276;277;2953
249;250;2952
265;266;2956
256;257;2949
2921;2898;2962
2897;2922;2961
2924;2900;2963
2875;2899;2969
2918;258;2954
2920;267;2955
284;2917;2950
275;2919;2951
2919;276;2953
2917;249;2952
266;2920;2956
257;2918;2949
2925;2877;2929
2926;2880;2930
2879;2927;2931
2878;2928;2932
2909;2890;2957
2891;2911;2958
2911;2891;2960
2910;2892;2959
2900;2888;2967
2882;2899;2965
2883;2897;2966
2874;2898;2964
2897;2873;2966
2899;2875;2965
2898;2881;2964
2876;2900;2967
2882;2907;2948
255;2908;2947
2903;2888;2944
2887;2901;2943
2907;269;2948
2883;2905;2942
264;2903;2944
2905;278;2942
2901;260;2943
2902;2884;2941
2908;2881;2947
282;2902;2941
2904;2886;2945
273;2904;2945
2885;2906;2946
2906;251;2946
2934;2870;2960
2896;2934;2960
2935;2869;2957
2894;2935;2957
2869;2909;2957
2911;2874;2958
2870;2911;2960
2871;2910;2959
2906;2880;2952
2880;2902;2950
2879;2904;2951
2878;2908;2949
2877;2903;2956
2905;2879;2953
2901;2878;2954
2907;2877;2955
2912;2887;2963
2876;2912;2963
2874;2911;2962
2911;2885;2962
2913;2872;2937
2893;2913;2937
2869;2925;2929
2927;2871;2931
2870;2926;2930
2928;2872;2932
2914;2889;2940
2916;2890;2939
2915;2892;2938
2895;2916;2939
2894;2914;2940
2896;2915;2938
2887;2912;2971
2909;2882;2965
2875;2909;2965
2873;2910;2966
2912;2872;2971
2910;2871;2972
2928;2887;2971
2927;2883;2972
2899;2923;2969
2966;2910;2972
2917;2880;2950
2880;2917;2952
2878;2918;2954
2918;2878;2949
2919;2879;2951
2879;2919;2953
2920;2877;2956
2877;2920;2955
2883;2966;2972
252;2921;2946
2921;2885;2946
2884;2922;2941
2922;281;2941
2924;2887;2943
2923;272;2945
2886;2923;2945
261;2924;2943
2884;2934;2961
251;252;2946
272;273;2945
281;282;2941
254;255;2947
278;279;2942
260;261;2943
263;264;2944
269;270;2948
2881;2913;2964
2868;2915;2968
2923;2886;2969
2915;2868;2973
2868;2916;2973
2868;2914;2974
2916;2868;2974
2886;2931;2970
2922;2884;2961
2887;2924;2963
2885;2921;2962
2890;2916;2974
2892;2915;2973
2871;2927;2972
2872;2928;2971
2886;2933;2969
2888;2935;2967
2933;2886;2970
2931;2871;2970
2936;2868;2968
2933;2875;2969
3048;3095;3161
3096;3049;3162
14;300;3105
13;285;3106
15;315;3107
16;330;3108
2999;3077;3269
3069;2985;3153
2985;3069;3297
3020;3140;3177
3021;3141;3176
3022;3142;3178
3143;3024;3181
3144;3025;3183
3145;3027;3182
3111;3010;3147
3177;3140;3222
3176;3141;3223
3178;3142;3224
3143;3181;3225
3144;3183;3226
3145;3182;3227
3074;3266;3319
3075;3267;3320
3076;3268;3321
2982;3081;3152
3048;3161;3287
3162;3049;3288
3042;3114;3132
3116;3046;3133
3106;285;3189
3108;330;3190
3105;300;3191
3107;315;3192
3171;3175;3352
3077;2999;3184
3023;3077;3184
3147;3010;3366
3299;3154;3327
3171;2975;3175
3074;3105;3266
3075;3106;3267
3076;3107;3268
3077;3108;3269
3013;3082;3149
3083;3014;3148
3003;3299;3327
3001;3082;3161
3083;3002;3162
3134;3055;3139
3018;3134;3139
3074;3020;3306
3075;3022;3308
3076;3021;3307
3077;3023;3309
3042;3132;3224
3133;3046;3227
3266;2996;3319
3267;2997;3320
3268;2998;3321
3081;3008;3152
3095;3001;3161
3002;3096;3162
3112;2991;3196
3051;3112;3196
3129;3016;3137
3052;3129;3137
3072;3154;3299
3002;3172;3343
3014;3109;3148
3110;3013;3149
3109;3043;3148
3044;3110;3149
308;309;3097
293;294;3098
323;324;3100
338;339;3099
334;335;3104
319;320;3102
289;290;3103
304;305;3101
3172;3002;3302
3048;3118;3121
3119;3049;3122
2996;3144;3155
2997;3143;3156
3140;2996;3155
2998;3145;3157
3142;2997;3156
3141;2998;3157
3041;3140;3155
3042;3142;3156
3043;3141;3157
3143;3044;3156
3144;3045;3155
3145;3046;3157
3026;3180;3236
3146;3026;3236
3079;3147;3366
3008;3081;3242
3262;3073;3292
3015;3150;3359
3151;3017;3360
2978;3083;3148
3082;2977;3149
3006;3124;3212
3007;3125;3213
2983;3080;3329
2976;3084;3150
3085;2976;3151
3084;3019;3194
3015;3115;3150
3117;3017;3151
3020;3074;3319
3022;3075;3320
3021;3076;3321
3029;3171;3294
3081;2982;3216
3080;2983;3217
3015;3118;3219
3119;3017;3220
3032;3087;3271
3033;3088;3272
3035;3090;3273
3093;3037;3275
3092;3038;3274
3094;3039;3276
3021;3087;3345
3020;3088;3344
3022;3090;3346
3023;3089;3347
3092;3024;3348
3091;3026;3349
3094;3025;3350
3093;3027;3351
3050;3111;3147
3020;3185;3306
3022;3186;3308
3021;3187;3307
3023;3188;3309
3150;3084;3359
3085;3151;3360
3124;3056;3212
3125;3057;3213
3024;3106;3189
3025;3105;3191
3027;3107;3192
3026;3108;3190
3066;3120;3221
3043;3109;3223
3109;2990;3223
3110;3044;3225
2992;3110;3225
3158;3299;3370
3158;3068;3299
3082;3013;3161
3014;3083;3162
3066;3221;3296
3135;3028;3159
3019;3135;3159
3050;3262;3292
3115;3041;3150
3045;3117;3151
3001;3095;3326
3219;3118;3270
3171;3070;3294
2977;3082;3237
3083;2978;3238
3019;3085;3174
3118;3015;3121
3017;3119;3122
3119;3220;3298
3114;3016;3132
3018;3116;3133
3008;3112;3152
3082;3001;3301
3002;3083;3302
3084;2976;3199
2976;3085;3199
3019;3084;3199
3085;3019;3199
308;3097;3165
293;3098;3166
323;3100;3168
338;3099;3167
3104;335;3164
3102;320;3169
3103;290;3163
3101;305;3170
3005;3123;3214
3123;3058;3214
3132;2989;3224
2995;3133;3227
3004;3138;3198
3138;3052;3198
2980;3131;3215
3131;3059;3215
3122;2987;3174
3087;3021;3176
3088;3020;3177
3090;3022;3178
3089;3023;3179
3026;3091;3180
3024;3092;3181
3025;3094;3183
3027;3093;3182
3095;3048;3284
3049;3096;3285
3187;3021;3345
3185;3020;3344
3188;3023;3347
3186;3022;3346
3024;3189;3348
3026;3190;3349
3025;3191;3350
3027;3192;3351
2991;3293;3296
3087;3032;3254
3088;3033;3253
3090;3035;3255
3037;3093;3249
3038;3092;3252
3039;3094;3251
3009;3103;3333
3010;3104;3334
3012;3102;3335
3011;3101;3336
2982;3152;3324
2979;3120;3208
3120;3047;3208
3008;3100;3264
3100;3034;3264
3112;3051;3152
3028;3160;3232
3036;3104;3265
3104;3010;3265
311;3087;3254
296;3088;3253
326;3089;3256
341;3090;3255
3091;332;3250
3093;317;3249
3092;287;3252
3094;302;3251
3087;311;3345
3088;296;3344
3089;326;3347
3090;341;3346
332;3091;3349
287;3092;3348
302;3094;3350
317;3093;3351
3096;3002;3218
3097;309;3203
3098;294;3202
3100;324;3206
3099;339;3207
334;3104;3200
319;3102;3201
289;3103;3204
304;3101;3205
3136;2985;3300
3032;3097;3203
3033;3098;3202
3034;3100;3206
3035;3099;3207
3104;3036;3200
3102;3037;3201
3103;3038;3204
3101;3039;3205
3148;3043;3248
3044;3149;3295
2985;3136;3283
3041;3115;3222
3115;2988;3222
3117;3045;3226
2994;3117;3226
3047;3193;3208
3193;3073;3208
3106;3024;3267
3105;3025;3266
3108;3026;3269
3107;3027;3268
3048;3121;3284
3122;3049;3285
3087;3176;3271
3088;3177;3272
3090;3178;3273
3182;3093;3275
3181;3092;3274
3183;3094;3276
3160;3067;3232
3037;3102;3280
3101;3011;3282
3102;3012;3280
3039;3101;3282
3103;3009;3281
3038;3103;3281
3097;3032;3277
3098;3033;3278
3099;3035;3279
3073;3193;3292
3100;3008;3356
3086;3305;3361
14;3105;3258
13;3106;3259
3105;3074;3258
15;3107;3260
3106;3075;3259
3107;3076;3260
16;3108;3261
3108;3077;3261
3137;3016;3209
3113;3051;3173
3137;3209;3300
3109;3014;3229
3013;3110;3230
3175;3031;3352
3018;3139;3210
2990;3109;3310
3110;2992;3311
3111;3050;3292
2993;3111;3292
3172;3070;3343
3003;3113;3173
3097;3277;3357
3098;3278;3355
3099;3279;3354
3210;3139;3317
3010;3111;3265
3160;2975;3235
3019;3159;3194
3123;2990;3310
3277;3005;3357
3278;3006;3355
3279;3007;3354
3122;3174;3360
3111;2993;3234
2993;3180;3234
3305;3004;3361
2977;3114;3247
3114;3042;3247
3078;3330;3365
3080;3332;3367
3081;3331;3368
3160;3235;3338
3150;3041;3246
3126;3009;3330
3127;3012;3331
3128;3011;3332
3234;3180;3364
3135;3019;3174
3173;3051;3196
2984;3121;3194
2990;3123;3271
3124;3006;3278
3125;3007;3279
3012;3127;3280
3009;3126;3281
3011;3128;3282
2987;3135;3174
2988;3115;3322
3117;2994;3323
307;308;3165
292;293;3166
322;323;3168
337;338;3167
335;336;3164
290;291;3163
320;321;3169
305;306;3170
2981;3147;3374
3147;3079;3374
3080;3214;3329
3078;3215;3330
3081;3216;3331
3080;3217;3332
3045;3151;3312
3056;3270;3373
3221;3040;3296
3136;3001;3228
3030;3136;3228
344;3259;3308
299;3258;3306
329;3261;3309
314;3260;3307
3016;3114;3209
3116;3018;3210
3212;3056;3373
3113;3003;3327
3055;3113;3327
3040;3173;3196
3115;3015;3219
3017;3117;3220
3053;3136;3300
3113;3055;3328
3051;3113;3324
3114;2977;3371
2991;3112;3263
3112;3008;3264
3058;3123;3310
3293;3066;3296
3118;3048;3289
2980;3118;3289
3049;3119;3290
3119;2983;3290
3104;3164;3334
3102;3169;3335
3103;3163;3333
3101;3170;3336
3120;2979;3221
3024;3143;3267
3025;3144;3266
3026;3146;3269
3027;3145;3268
3071;3211;3245
3007;3213;3239
3006;3212;3240
3005;3214;3241
3213;3079;3239
3212;3078;3240
3214;3080;3241
3140;3020;3319
3141;3021;3321
3142;3022;3320
3014;3130;3229
3131;3013;3230
3046;3116;3291
3016;3129;3243
3069;3198;3297
2983;3119;3298
3121;2984;3284
2987;3122;3285
3125;2989;3303
3057;3125;3303
3127;3060;3304
2995;3127;3304
3118;2980;3270
3047;3120;3257
3126;3059;3311
2992;3126;3311
3209;3053;3300
3134;3018;3244
2975;3160;3175
3160;3028;3175
2990;3176;3223
2988;3177;3222
2989;3178;3224
3181;2992;3225
3182;2995;3227
3183;2994;3226
2978;3148;3248
3286;3000;3353
3120;3066;3341
3054;3210;3317
3218;3031;3369
3138;3004;3262
3050;3138;3262
2991;3179;3293
3195;3086;3361
3050;3147;3325
3137;2985;3297
3052;3137;3297
3059;3126;3330
3060;3127;3331
3061;3128;3332
3034;3256;3363
3250;3036;3364
3211;3000;3245
3261;3077;3309
3259;3075;3308
3260;3076;3307
3258;3074;3306
3047;3146;3236
3136;3053;3301
3001;3136;3301
3031;3233;3369
3124;2988;3322
3056;3124;3322
3128;3061;3323
2994;3128;3323
3130;3058;3229
3059;3131;3230
3157;3046;3291
3179;2991;3263
3154;3072;3197
2986;3154;3197
3123;3032;3271
3156;3044;3295
3054;3172;3302
2976;3150;3246
297;298;3185
342;343;3186
312;313;3187
327;328;3188
285;286;3189
330;331;3190
300;301;3191
315;316;3192
3033;3124;3278
3035;3125;3279
3127;3037;3280
3126;3038;3281
3128;3039;3282
3135;2987;3233
3121;3015;3359
3017;3122;3360
3058;3130;3329
3130;2983;3329
3132;3016;3243
3018;3133;3244
3000;3195;3245
3195;3069;3245
2975;3231;3235
2988;3124;3272
3124;3033;3272
2989;3125;3273
3125;3035;3273
3126;2992;3274
3127;2995;3275
3128;2994;3276
3037;3127;3275
3038;3126;3274
3039;3128;3276
3140;3041;3222
3141;3043;3223
3142;3042;3224
3044;3143;3225
3045;3144;3226
3046;3145;3227
3032;3123;3277
3123;3005;3277
3299;3003;3370
3000;3211;3353
3056;3219;3270
3055;3134;3328
3134;2982;3328
2999;3146;3257
3146;3047;3257
3129;3052;3337
2981;3129;3337
3013;3131;3287
3130;3014;3288
3131;2980;3289
2983;3130;3290
2982;3134;3377
3155;3045;3312
3129;2981;3318
3159;2984;3194
3231;3071;3235
3136;3030;3283
2989;3132;3303
3133;2995;3304
3028;3135;3358
3161;3013;3287
3014;3162;3288
3243;3129;3318
3031;3218;3343
2985;3137;3300
3153;3071;3245
3138;3050;3325
3174;3085;3360
3031;3343;3352
3052;3138;3337
3031;3175;3358
3256;3089;3363
3091;3250;3364
3139;3055;3376
295;296;3253
302;303;3251
287;288;3252
317;318;3249
332;333;3250
340;341;3255
310;311;3254
325;326;3256
333;334;3200
318;319;3201
324;325;3206
339;340;3207
294;295;3202
309;310;3203
288;289;3204
303;304;3205
3291;3116;3372
3180;2993;3236
3197;3029;3294
3159;3028;3232
3144;2996;3266
3143;2997;3267
3145;2998;3268
3146;2999;3269
3165;3097;3357
3166;3098;3355
3167;3099;3354
3168;3100;3356
3213;3057;3318
3032;3203;3254
3033;3202;3253
3034;3206;3256
3035;3207;3255
3200;3036;3250
3201;3037;3249
3204;3038;3252
3205;3039;3251
3152;3051;3324
2978;3291;3372
298;299;3306
343;344;3308
313;314;3307
328;329;3309
2979;3158;3221
3158;3040;3221
3208;3073;3362
296;297;3344
341;342;3346
311;312;3345
326;327;3347
331;332;3349
316;317;3351
286;287;3348
301;302;3350
3179;3263;3363
3062;3239;3366
3063;3240;3365
3064;3242;3368
3065;3241;3367
3158;2979;3340
3068;3158;3340
2996;3140;3319
2997;3142;3320
2998;3141;3321
3334;3062;3366
3333;3063;3365
3335;3064;3368
3336;3065;3367
3073;3305;3362
3248;3157;3291
2975;3171;3231
3069;3153;3245
3149;2977;3295
3151;2976;3312
3213;3318;3374
299;14;3258
344;13;3259
314;15;3260
329;16;3261
3147;2981;3325
3247;3156;3295
2984;3159;3232
3193;3047;3236
3196;2991;3296
3220;3061;3298
3233;3031;3358
3041;3155;3246
3042;3156;3247
3043;3157;3248
2986;3317;3376
3171;3029;3231
3317;3139;3376
3153;2985;3283
3330;3009;3365
3331;3012;3368
3332;3011;3367
3057;3243;3318
3284;2984;3339
3040;3158;3370
3063;3163;3313
3065;3170;3314
3062;3164;3315
3163;291;3313
3064;3169;3316
3164;336;3315
3170;306;3314
3169;321;3316
337;3167;3315
307;3165;3314
322;3168;3316
292;3166;3313
3167;3062;3315
3166;3063;3313
3168;3064;3316
3165;3065;3314
3115;3219;3322
3220;3117;3323
3179;3023;3293
3237;3082;3301
3083;3238;3302
3070;3172;3294
3172;2986;3294
3023;3184;3293
3340;3086;3342
3095;3284;3339
3194;3121;3359
3173;3040;3370
3246;3155;3312
3154;3055;3327
3055;3154;3376
3109;3229;3310
3230;3110;3311
3111;3234;3265
3324;3113;3328
2982;3324;3328
3071;3153;3375
306;307;3314
321;322;3316
291;292;3313
336;337;3315
3154;2986;3376
3062;3167;3354
3063;3166;3355
3065;3165;3357
3064;3168;3356
2993;3193;3236
3176;2990;3271
3177;2988;3272
3178;2989;3273
2992;3181;3274
2995;3182;3275
2994;3183;3276
3138;3325;3337
3325;2981;3337
3235;3030;3338
3053;3209;3371
3210;3054;3372
3029;3211;3231
3211;3071;3231
3086;3195;3342
3134;3244;3377
3163;3063;3333
3164;3062;3334
3169;3064;3335
3170;3065;3336
3067;3160;3338
2986;3172;3317
3237;3053;3371
3054;3238;3372
3172;3054;3317
3184;3066;3293
3184;2999;3341
3066;3184;3341
3068;3340;3342
3084;3194;3359
3072;3286;3353
318;3201;3249
333;3200;3250
303;3205;3251
288;3204;3252
3202;295;3253
3203;310;3254
3207;340;3255
3206;325;3256
3217;2983;3298
3070;3171;3352
3262;3004;3305
3073;3262;3305
3029;3197;3353
3197;3072;3353
3263;3112;3264
3034;3263;3264
3185;298;3306
3186;343;3308
3187;313;3307
3188;328;3309
3193;2993;3292
3048;3287;3289
3287;3131;3289
3288;3049;3290
3130;3288;3290
2986;3197;3294
3175;3028;3358
3040;3196;3296
3003;3173;3370
3195;3000;3342
2980;3215;3373
3215;3078;3373
3216;2982;3377
3089;3179;3363
3180;3091;3364
3198;3052;3297
3234;3036;3265
297;3185;3344
312;3187;3345
342;3186;3346
327;3188;3347
3189;286;3348
3190;331;3349
3191;301;3350
3192;316;3351
3061;3217;3298
3244;3060;3377
3132;3243;3303
3243;3057;3303
3244;3133;3304
3060;3244;3304
3285;3096;3369
2987;3285;3369
3257;3120;3341
3068;3286;3299
3286;3072;3299
3239;3062;3354
3240;3063;3355
3242;3064;3356
3241;3065;3357
2976;3246;3312
2984;3232;3339
3229;3058;3310
3059;3230;3311
2977;3247;3295
2978;3248;3291
3228;3001;3326
3067;3228;3326
3036;3234;3364
3219;3056;3322
3061;3220;3323
3270;2980;3373
3214;3058;3329
3215;3059;3330
3216;3060;3331
3217;3061;3332
3096;3218;3369
3053;3237;3301
3238;3054;3302
3069;3195;3361
3198;3069;3361
3004;3198;3361
3209;3114;3371
3116;3210;3372
3228;3067;3338
3030;3228;3338
3153;3283;3375
3283;3030;3375
3218;3002;3343
3000;3286;3342
3232;3067;3339
3211;3029;3353
2979;3208;3362
3135;3233;3358
3343;3070;3352
3078;3212;3373
3079;3213;3374
3060;3216;3377
2999;3257;3341
3007;3239;3354
3006;3240;3355
3005;3241;3357
3008;3242;3356
3233;2987;3369
3239;3079;3366
3240;3078;3365
3241;3080;3367
3242;3081;3368
3235;3071;3375
3030;3235;3375
2977;3237;3371
3238;2978;3372
3286;3068;3342
3263;3034;3363
3340;2979;3362
3086;3340;3362
3305;3086;3362
3067;3326;3339
3326;3095;3339
3009;3333;3365
3011;3336;3367
3010;3334;3366
3012;3335;3368
3318;2981;3374
